train_loss_step,grad_norm_step,epoch,step,val_loss_step,val_loss_epoch,train_loss_epoch,grad_norm_epoch
0.7974891662597656,0.19896994531154633,0,9,,,,
0.7962304353713989,0.18520238995552063,0,19,,,,
0.7913166880607605,0.2176448404788971,0,29,,,,
0.7889124751091003,0.18991751968860626,0,39,,,,
0.7622804641723633,0.6378024220466614,0,49,,,,
0.6703072190284729,1.7367883920669556,0,59,,,,
0.4167172908782959,2.9945709705352783,0,69,,,,
0.30565792322158813,3.009969711303711,0,79,,,,
0.3187521696090698,2.4757447242736816,0,89,,,,
0.22477954626083374,2.5481300354003906,0,99,,,,
0.17975406348705292,1.6795616149902344,0,109,,,,
0.16588397324085236,0.6332434415817261,0,119,,,,
0.16154085099697113,3.9313511848449707,0,129,,,,
0.1584334522485733,0.9417508244514465,0,139,,,,
0.11935915052890778,4.595489978790283,0,149,,,,
0.12404365837574005,2.6596667766571045,0,159,,,,
0.09756249189376831,2.9019582271575928,0,169,,,,
0.09505781531333923,1.3178118467330933,0,179,,,,
0.15881891548633575,1.463119626045227,0,189,,,,
0.13188879191875458,0.7396748661994934,0,199,,,,
0.1010647714138031,3.9582931995391846,0,209,,,,
0.12553322315216064,6.264456748962402,0,219,,,,
0.12196139991283417,4.425705909729004,0,229,,,,
0.1299210488796234,11.19138240814209,0,239,,,,
0.16119135916233063,12.196616172790527,0,249,,,,
0.08386444300413132,0.795994758605957,0,259,,,,
0.11444772779941559,0.7461444139480591,0,269,,,,
0.12083142250776291,7.131278038024902,0,279,,,,
0.14074866473674774,5.320163726806641,0,289,,,,
0.10442066192626953,2.7982864379882812,0,299,,,,
0.09675373882055283,2.7409780025482178,0,309,,,,
0.10470835864543915,3.1198883056640625,0,319,,,,
0.10660537332296371,3.032177448272705,0,329,,,,
0.08344322443008423,1.7249112129211426,0,339,,,,
0.08927808701992035,4.632383823394775,0,349,,,,
0.13113117218017578,5.261844158172607,0,359,,,,
0.15383411943912506,15.595189094543457,0,369,,,,
0.11121471971273422,10.040249824523926,0,379,,,,
0.1316123604774475,10.982279777526855,0,389,,,,
0.09025543183088303,9.3723726272583,0,399,,,,
0.07016850262880325,10.393342971801758,0,409,,,,
0.10236512124538422,3.4870636463165283,0,419,,,,
0.06708583980798721,6.516539096832275,0,429,,,,
0.08784687519073486,3.989628553390503,0,439,,,,
0.11252660304307938,5.874691009521484,0,449,,,,
0.07684449106454849,5.234344482421875,0,459,,,,
0.07480795681476593,1.8404841423034668,0,469,,,,
0.09442821890115738,6.407580375671387,0,479,,,,
0.10239042341709137,13.333192825317383,0,489,,,,
0.0868631899356842,7.968629837036133,0,499,,,,
0.11666033416986465,14.058037757873535,0,509,,,,
0.12963315844535828,5.134890556335449,0,519,,,,
0.09850575774908066,8.854567527770996,0,529,,,,
0.14431940019130707,6.578538417816162,0,539,,,,
0.08503159880638123,3.5702924728393555,0,549,,,,
0.0803999975323677,8.055449485778809,0,559,,,,
0.08535503596067429,1.0396467447280884,0,569,,,,
0.1431720107793808,1.2355217933654785,0,579,,,,
0.10198242217302322,3.176368474960327,0,589,,,,
0.0968538299202919,7.892735481262207,0,599,,,,
0.09041701257228851,9.57315444946289,0,609,,,,
0.059174567461013794,5.463085651397705,0,619,,,,
0.10853773355484009,2.512484073638916,0,629,,,,
0.07618173211812973,2.3322463035583496,0,639,,,,
0.10549904406070709,5.78757381439209,0,649,,,,
0.10060638934373856,1.039737582206726,0,659,,,,
0.08400025963783264,6.555069923400879,0,669,,,,
0.12982459366321564,3.588879346847534,0,679,,,,
0.07449949532747269,2.10632061958313,0,689,,,,
0.13207849860191345,7.451956272125244,0,699,,,,
0.08903350681066513,5.358767509460449,0,709,,,,
0.08629579097032547,9.634589195251465,0,719,,,,
0.08094190806150436,7.977153301239014,0,729,,,,
0.09168218821287155,2.4891607761383057,0,739,,,,
0.06318727135658264,8.357548713684082,0,749,,,,
0.0856238603591919,5.325073719024658,0,759,,,,
0.10044741630554199,8.880406379699707,0,769,,,,
0.07010539621114731,1.6273517608642578,0,779,,,,
0.07667329162359238,2.9722096920013428,0,789,,,,
0.08542927354574203,7.145686626434326,0,799,,,,
0.09535575658082962,12.799358367919922,0,809,,,,
0.12333381921052933,3.2765345573425293,0,819,,,,
0.09748553484678268,1.9041357040405273,0,829,,,,
0.10082738101482391,1.815045714378357,0,839,,,,
0.1029047966003418,0.21933281421661377,0,849,,,,
0.062499675899744034,2.4532811641693115,0,859,,,,
0.054619792848825455,2.0839061737060547,0,869,,,,
0.06548939645290375,0.785742998123169,0,879,,,,
0.10387033969163895,0.9752856492996216,0,889,,,,
0.06046658381819725,5.2058024406433105,0,899,,,,
0.08473033457994461,11.031878471374512,0,909,,,,
0.11611142754554749,5.50782585144043,0,919,,,,
0.1059054359793663,2.413749933242798,0,929,,,,
0.12829570472240448,3.211174249649048,0,939,,,,
0.07293789833784103,10.2800874710083,0,949,,,,
0.06595111638307571,10.116806983947754,0,959,,,,
0.06556544452905655,8.085820198059082,0,969,,,,
0.08655359596014023,4.039993762969971,0,979,,,,
0.09109090268611908,13.404016494750977,0,989,,,,
0.11516758054494858,7.101018905639648,0,999,,,,
0.08452750742435455,2.180220127105713,0,1009,,,,
0.10196562856435776,1.5883654356002808,0,1019,,,,
0.054793912917375565,1.1806068420410156,0,1029,,,,
0.08697789162397385,0.9689817428588867,0,1039,,,,
0.07591256499290466,1.4250061511993408,0,1049,,,,
0.06466612964868546,1.5240685939788818,0,1059,,,,
0.07931801676750183,0.49288246035575867,0,1069,,,,
0.07953912764787674,1.770445466041565,0,1079,,,,
0.09012650698423386,0.45547056198120117,0,1089,,,,
0.060221947729587555,0.3753988742828369,0,1099,,,,
0.07331806421279907,9.060932159423828,0,1109,,,,
0.10046662390232086,12.690643310546875,0,1119,,,,
0.0904281958937645,3.5080513954162598,0,1129,,,,
0.12250283360481262,6.08437442779541,0,1139,,,,
0.058740273118019104,19.035062789916992,0,1149,,,,
0.07842177152633667,4.347442626953125,0,1159,,,,
0.09716207534074783,14.994386672973633,0,1169,,,,
0.0700811892747879,4.45836877822876,0,1179,,,,
0.07517145574092865,8.607444763183594,0,1189,,,,
0.07055392861366272,11.518155097961426,0,1199,,,,
0.08665936440229416,9.501895904541016,0,1209,,,,
0.05151063948869705,9.89647102355957,0,1219,,,,
0.06430932134389877,10.736089706420898,0,1229,,,,
0.06395460665225983,3.974601984024048,0,1239,,,,
0.07185482233762741,3.234199047088623,0,1249,,,,
0.10393214970827103,3.736318588256836,0,1259,,,,
0.08185189217329025,4.195913314819336,0,1269,,,,
0.08188652247190475,3.845149278640747,0,1279,,,,
0.07281278818845749,2.4471375942230225,0,1289,,,,
0.08325185626745224,4.498553276062012,0,1299,,,,
0.08705791085958481,18.953815460205078,0,1309,,,,
0.0839102491736412,11.933626174926758,0,1319,,,,
0.09672422707080841,2.213465690612793,0,1329,,,,
0.08980092406272888,9.189021110534668,0,1339,,,,
0.0741368904709816,16.2255802154541,0,1349,,,,
0.0525268092751503,7.733418941497803,0,1359,,,,
0.06989003717899323,13.287473678588867,0,1369,,,,
0.12101274728775024,8.292150497436523,0,1379,,,,
0.10908777266740799,9.23385238647461,0,1389,,,,
0.09765715152025223,14.280630111694336,0,1399,,,,
0.060333527624607086,5.703922748565674,0,1409,,,,
0.09098117798566818,7.181229591369629,0,1419,,,,
0.06217460334300995,15.308245658874512,0,1429,,,,
,,,0,0.08299729228019714,,,
,,,1,0.07749848067760468,,,
,,,2,0.08059536665678024,,,
,,,3,0.09516432881355286,,,
,,,4,0.06632596254348755,,,
,,,5,0.08013401180505753,,,
,,,6,0.07638947665691376,,,
,,,7,0.08106473088264465,,,
,,,8,0.07603903859853745,,,
,,,9,0.0987715870141983,,,
,,,10,0.07894585281610489,,,
,,,11,0.07820604741573334,,,
,,,12,0.09410002827644348,,,
,,,13,0.10775502771139145,,,
,,,14,0.07363443821668625,,,
,,,15,0.11410891264677048,,,
,,,16,0.1105571836233139,,,
,,,17,0.121442511677742,,,
,,,18,0.07450298964977264,,,
,,,19,0.07028025388717651,,,
,,,20,0.08428578078746796,,,
,,,21,0.07935071736574173,,,
,,,22,0.1301426887512207,,,
,,,23,0.08215611428022385,,,
,,,24,0.0942487046122551,,,
,,,25,0.11386231333017349,,,
,,,26,0.09353921562433243,,,
,,,27,0.12176456302404404,,,
,,,28,0.10446849465370178,,,
,,,29,0.06600013375282288,,,
,,,30,0.08631153404712677,,,
,,,31,0.09711073338985443,,,
,,,32,0.09275387227535248,,,
,,,33,0.07176828384399414,,,
,,,34,0.0690671056509018,,,
,,,35,0.108864426612854,,,
,,,36,0.08779542148113251,,,
,,,37,0.08599727600812912,,,
,,,38,0.08398349583148956,,,
,,,39,0.09033842384815216,,,
,,,40,0.1212974339723587,,,
,,,41,0.06863263994455338,,,
,,,42,0.08852662891149521,,,
,,,43,0.09616570174694061,,,
,,,44,0.07993215322494507,,,
,,,45,0.08616425842046738,,,
,,,46,0.05362687259912491,,,
,,,47,0.1004878431558609,,,
,,,48,0.10077276080846786,,,
,,,49,0.05844497308135033,,,
,,,50,0.08005215227603912,,,
,,,51,0.09044883400201797,,,
,,,52,0.0985395759344101,,,
,,,53,0.08668440580368042,,,
,,,54,0.07698075473308563,,,
,,,55,0.0689677745103836,,,
,,,56,0.0651196762919426,,,
,,,57,0.07576475292444229,,,
,,,58,0.0548802949488163,,,
,,,59,0.0807686373591423,,,
,,,60,0.10236887633800507,,,
,,,61,0.08616837859153748,,,
,,,62,0.10631702840328217,,,
,,,63,0.1398470103740692,,,
,,,64,0.0851835384964943,,,
,,,65,0.07258425652980804,,,
,,,66,0.08139268308877945,,,
,,,67,0.06856473535299301,,,
,,,68,0.08507983386516571,,,
,,,69,0.09697524458169937,,,
,,,70,0.08236651122570038,,,
,,,71,0.08913757652044296,,,
,,,72,0.064201220870018,,,
,,,73,0.10954930633306503,,,
,,,74,0.10027643293142319,,,
,,,75,0.08304184675216675,,,
,,,76,0.08087936043739319,,,
,,,77,0.10317805409431458,,,
,,,78,0.060261718928813934,,,
,,,79,0.05105182155966759,,,
,,,80,0.06652581691741943,,,
,,,81,0.07876193523406982,,,
,,,82,0.10502054542303085,,,
,,,83,0.10466696321964264,,,
,,,84,0.08529647439718246,,,
,,,85,0.07330823689699173,,,
,,,86,0.09301295876502991,,,
,,,87,0.07369555532932281,,,
,,,88,0.12499032914638519,,,
,,,89,0.07415882498025894,,,
,,,90,0.05076935514807701,,,
,,,91,0.07953183352947235,,,
,,,92,0.08350950479507446,,,
,,,93,0.050459250807762146,,,
,,,94,0.08034193515777588,,,
,,,95,0.08205157518386841,,,
,,,96,0.07160071283578873,,,
,,,97,0.06362064182758331,,,
,,,98,0.07888058573007584,,,
,,,99,0.11253127455711365,,,
,,,100,0.1334541290998459,,,
,,,101,0.09312117099761963,,,
,,,102,0.07218632847070694,,,
,,,103,0.08136384934186935,,,
,,,104,0.06764990091323853,,,
,,,105,0.057219065725803375,,,
,,,106,0.07847490161657333,,,
,,,107,0.05896170064806938,,,
,,,108,0.0678764283657074,,,
,,,109,0.0703669935464859,,,
,,,110,0.1093999445438385,,,
,,,111,0.0956965982913971,,,
,,,112,0.08421366661787033,,,
,,,113,0.08393146097660065,,,
,,,114,0.13729234039783478,,,
,,,115,0.09423709660768509,,,
,,,116,0.11646723002195358,,,
,,,117,0.09534408152103424,,,
,,,118,0.11377105116844177,,,
,,,119,0.11368098855018616,,,
,,,120,0.10339280962944031,,,
,,,121,0.1154186949133873,,,
,,,122,0.07612748444080353,,,
,,,123,0.07146327197551727,,,
,,,124,0.07849373668432236,,,
,,,125,0.09181421995162964,,,
,,,126,0.05819859728217125,,,
,,,127,0.06029496341943741,,,
,,,128,0.11540472507476807,,,
,,,129,0.08543523401021957,,,
,,,130,0.09451814740896225,,,
,,,131,0.06267394125461578,,,
,,,132,0.07050872594118118,,,
,,,133,0.07589837163686752,,,
,,,134,0.060646820813417435,,,
,,,135,0.05105316638946533,,,
,,,136,0.10500875860452652,,,
,,,137,0.09014548361301422,,,
,,,138,0.05022167041897774,,,
,,,139,0.08628066629171371,,,
,,,140,0.13958296179771423,,,
,,,141,0.0689946860074997,,,
,,,142,0.07522159814834595,,,
,,,143,0.0581899918615818,,,
,,,144,0.07565409690141678,,,
,,,145,0.09803733974695206,,,
,,,146,0.06490384042263031,,,
,,,147,0.08453445881605148,,,
,,,148,0.06975347548723221,,,
,,,149,0.07766446471214294,,,
,,,150,0.09373778104782104,,,
,,,151,0.07568385452032089,,,
,,,152,0.0801239162683487,,,
,,,153,0.06452281028032303,,,
,,,154,0.04886996001005173,,,
,,,155,0.08431211858987808,,,
,,,156,0.08128535747528076,,,
,,,157,0.06977346539497375,,,
,,,158,0.0877595916390419,,,
,,0,1430,,0.08504439145326614,,
,,0,1430,,,0.13267362117767334,5.609213352203369
0.07924240082502365,1.9052587747573853,1,1439,,,,
0.0828489437699318,2.866323471069336,1,1449,,,,
0.09367194771766663,3.9672043323516846,1,1459,,,,
0.08618928492069244,4.80212926864624,1,1469,,,,
0.11878308653831482,2.6372735500335693,1,1479,,,,
0.06631013005971909,11.5150146484375,1,1489,,,,
0.06865239888429642,6.592519283294678,1,1499,,,,
0.0888320654630661,2.4465420246124268,1,1509,,,,
0.06939847022294998,14.210686683654785,1,1519,,,,
0.0956609770655632,14.300557136535645,1,1529,,,,
0.11587905138731003,1.990264892578125,1,1539,,,,
0.09020538628101349,4.402887344360352,1,1549,,,,
0.09361015260219574,4.7630934715271,1,1559,,,,
0.09395205229520798,11.221417427062988,1,1569,,,,
0.06991546601057053,13.001243591308594,1,1579,,,,
0.10983619093894958,14.854968070983887,1,1589,,,,
0.08006291836500168,6.657934188842773,1,1599,,,,
0.09938685595989227,3.871692657470703,1,1609,,,,
0.062475383281707764,0.6496821641921997,1,1619,,,,
0.09804337471723557,6.255602836608887,1,1629,,,,
0.07526495307683945,2.254366159439087,1,1639,,,,
0.10858434438705444,2.5555508136749268,1,1649,,,,
0.06446824967861176,1.5901752710342407,1,1659,,,,
0.055136118084192276,4.769212245941162,1,1669,,,,
0.09119343012571335,4.35983419418335,1,1679,,,,
0.06087468937039375,11.79073429107666,1,1689,,,,
0.05243976414203644,4.924345970153809,1,1699,,,,
0.13902263343334198,3.376929759979248,1,1709,,,,
0.07075545191764832,7.136231422424316,1,1719,,,,
0.12032534182071686,7.313167572021484,1,1729,,,,
0.07409481704235077,1.3777201175689697,1,1739,,,,
0.0679047480225563,1.2727382183074951,1,1749,,,,
0.08699773997068405,2.1125309467315674,1,1759,,,,
0.07287877053022385,4.678861141204834,1,1769,,,,
0.07171261310577393,2.1676218509674072,1,1779,,,,
0.07505670189857483,3.1578450202941895,1,1789,,,,
0.07547271251678467,2.120870590209961,1,1799,,,,
0.08683030307292938,3.9122602939605713,1,1809,,,,
0.09031803160905838,1.5021495819091797,1,1819,,,,
0.06826203316450119,1.173082947731018,1,1829,,,,
0.07556737959384918,5.560233116149902,1,1839,,,,
0.07186749577522278,2.66880464553833,1,1849,,,,
0.061787623912096024,12.628686904907227,1,1859,,,,
0.06734919548034668,0.9880742430686951,1,1869,,,,
0.13437624275684357,8.183549880981445,1,1879,,,,
0.08917448669672012,3.2353718280792236,1,1889,,,,
0.06748469173908234,1.289225697517395,1,1899,,,,
0.06258323788642883,10.280460357666016,1,1909,,,,
0.05793188139796257,1.8291999101638794,1,1919,,,,
0.08897385746240616,12.573612213134766,1,1929,,,,
0.11688848584890366,1.2396774291992188,1,1939,,,,
0.13733242452144623,13.752705574035645,1,1949,,,,
0.11851400136947632,9.395934104919434,1,1959,,,,
0.061238694936037064,7.54733943939209,1,1969,,,,
0.08575640618801117,3.104098081588745,1,1979,,,,
0.07420799881219864,4.298318862915039,1,1989,,,,
0.0790095403790474,2.395444631576538,1,1999,,,,
0.06825195997953415,7.843435764312744,1,2009,,,,
0.05492594465613365,6.289261341094971,1,2019,,,,
0.08994261920452118,12.84195613861084,1,2029,,,,
0.08911243826150894,4.495331764221191,1,2039,,,,
0.09611206501722336,15.607681274414062,1,2049,,,,
0.09881709516048431,1.904008150100708,1,2059,,,,
0.0664965957403183,6.130093574523926,1,2069,,,,
0.07118131220340729,15.034607887268066,1,2079,,,,
0.0826851949095726,16.750263214111328,1,2089,,,,
0.11740655452013016,3.4676308631896973,1,2099,,,,
0.13299661874771118,4.822214126586914,1,2109,,,,
0.05387124419212341,3.2172813415527344,1,2119,,,,
0.10524033010005951,0.8256068229675293,1,2129,,,,
0.07096191495656967,7.418354034423828,1,2139,,,,
0.1293920874595642,2.8803024291992188,1,2149,,,,
0.07761483639478683,2.2286553382873535,1,2159,,,,
0.08705517649650574,1.1409106254577637,1,2169,,,,
0.07026416808366776,12.043457984924316,1,2179,,,,
0.06834130734205246,5.564473628997803,1,2189,,,,
0.0754871666431427,1.3806495666503906,1,2199,,,,
0.08441651612520218,12.673806190490723,1,2209,,,,
0.09068722277879715,20.56526756286621,1,2219,,,,
0.07309596985578537,0.9133574962615967,1,2229,,,,
0.07986830174922943,11.038443565368652,1,2239,,,,
0.061711907386779785,3.2181639671325684,1,2249,,,,
0.0703158974647522,2.671517848968506,1,2259,,,,
0.09186921268701553,10.839984893798828,1,2269,,,,
0.0749506801366806,13.160913467407227,1,2279,,,,
0.06337942183017731,15.156996726989746,1,2289,,,,
0.06826891005039215,1.6616963148117065,1,2299,,,,
0.07010112702846527,10.740532875061035,1,2309,,,,
0.0880739614367485,5.7896013259887695,1,2319,,,,
0.046441856771707535,5.966130256652832,1,2329,,,,
0.05516490340232849,4.74956750869751,1,2339,,,,
0.07493393123149872,2.2673182487487793,1,2349,,,,
0.0733472928404808,2.0554840564727783,1,2359,,,,
0.11395236104726791,4.9423136711120605,1,2369,,,,
0.0754675567150116,5.582909107208252,1,2379,,,,
0.064363494515419,2.22200345993042,1,2389,,,,
0.07959654927253723,17.701923370361328,1,2399,,,,
0.06295613944530487,9.318028450012207,1,2409,,,,
0.05283122509717941,5.103087902069092,1,2419,,,,
0.046329353004693985,2.6456382274627686,1,2429,,,,
0.09726769477128983,3.1567094326019287,1,2439,,,,
0.07836414873600006,4.696673393249512,1,2449,,,,
0.08566533029079437,9.185330390930176,1,2459,,,,
0.05787084624171257,4.831485271453857,1,2469,,,,
0.06493017822504044,1.1935927867889404,1,2479,,,,
0.07224619388580322,2.4955432415008545,1,2489,,,,
0.0824393555521965,2.0615286827087402,1,2499,,,,
0.061036352068185806,2.5793185234069824,1,2509,,,,
0.10834941267967224,2.084599494934082,1,2519,,,,
0.08849314600229263,9.510966300964355,1,2529,,,,
0.09697584807872772,13.848199844360352,1,2539,,,,
0.0779869332909584,15.343499183654785,1,2549,,,,
0.05635412782430649,6.10759162902832,1,2559,,,,
0.06843389570713043,8.894619941711426,1,2569,,,,
0.06736262887716293,6.187135696411133,1,2579,,,,
0.05485640838742256,5.720761299133301,1,2589,,,,
0.07118752598762512,4.557789325714111,1,2599,,,,
0.08489217609167099,2.2289938926696777,1,2609,,,,
0.06709521263837814,7.592366695404053,1,2619,,,,
0.061089180409908295,13.000700950622559,1,2629,,,,
0.0714242085814476,9.99078369140625,1,2639,,,,
0.08601009845733643,5.6711602210998535,1,2649,,,,
0.05473749712109566,6.902515411376953,1,2659,,,,
0.0934918150305748,6.322102069854736,1,2669,,,,
0.09492438286542892,0.5968342423439026,1,2679,,,,
0.056632816791534424,5.1535444259643555,1,2689,,,,
0.0796215608716011,7.833998680114746,1,2699,,,,
0.06718774139881134,5.7655744552612305,1,2709,,,,
0.09396088123321533,7.520870685577393,1,2719,,,,
0.10440212488174438,4.1871538162231445,1,2729,,,,
0.08170684427022934,6.085477828979492,1,2739,,,,
0.06592866033315659,3.089999198913574,1,2749,,,,
0.09052615612745285,7.343746185302734,1,2759,,,,
0.09946862608194351,7.217518329620361,1,2769,,,,
0.12099811434745789,3.654353380203247,1,2779,,,,
0.08849363774061203,10.923142433166504,1,2789,,,,
0.06159375235438347,9.252999305725098,1,2799,,,,
0.04295053705573082,5.703046798706055,1,2809,,,,
0.056767240166664124,0.6774787902832031,1,2819,,,,
0.05789792910218239,2.463712692260742,1,2829,,,,
0.07465701550245285,4.062070369720459,1,2839,,,,
0.07253608852624893,4.545356273651123,1,2849,,,,
0.09552431106567383,8.48666763305664,1,2859,,,,
,,,159,0.08095603436231613,,,
,,,160,0.0884498879313469,,,
,,,161,0.0854339450597763,,,
,,,162,0.08497051149606705,,,
,,,163,0.06008968502283096,,,
,,,164,0.05895143002271652,,,
,,,165,0.0816650465130806,,,
,,,166,0.07615819573402405,,,
,,,167,0.07276582717895508,,,
,,,168,0.07254558801651001,,,
,,,169,0.10530134290456772,,,
,,,170,0.05015579238533974,,,
,,,171,0.0814354419708252,,,
,,,172,0.07082949578762054,,,
,,,173,0.05200415477156639,,,
,,,174,0.08467217534780502,,,
,,,175,0.067137710750103,,,
,,,176,0.07835512608289719,,,
,,,177,0.06004728004336357,,,
,,,178,0.07005709409713745,,,
,,,179,0.06478870660066605,,,
,,,180,0.07491108030080795,,,
,,,181,0.09359269589185715,,,
,,,182,0.05988164618611336,,,
,,,183,0.07295061647891998,,,
,,,184,0.06528802216053009,,,
,,,185,0.06825782358646393,,,
,,,186,0.08509282022714615,,,
,,,187,0.08227849751710892,,,
,,,188,0.07460515201091766,,,
,,,189,0.07676170021295547,,,
,,,190,0.07282959669828415,,,
,,,191,0.06246471777558327,,,
,,,192,0.06558044254779816,,,
,,,193,0.06468416750431061,,,
,,,194,0.0514037124812603,,,
,,,195,0.08380836993455887,,,
,,,196,0.1151980459690094,,,
,,,197,0.08032705634832382,,,
,,,198,0.06674014031887054,,,
,,,199,0.07637717574834824,,,
,,,200,0.05035477504134178,,,
,,,201,0.12078215926885605,,,
,,,202,0.09008593112230301,,,
,,,203,0.10497097671031952,,,
,,,204,0.058403026312589645,,,
,,,205,0.06275894492864609,,,
,,,206,0.10312845557928085,,,
,,,207,0.09282036870718002,,,
,,,208,0.050232261419296265,,,
,,,209,0.09264767169952393,,,
,,,210,0.07849884033203125,,,
,,,211,0.0658651813864708,,,
,,,212,0.07841154932975769,,,
,,,213,0.06827986985445023,,,
,,,214,0.07043295353651047,,,
,,,215,0.10026171058416367,,,
,,,216,0.09070782363414764,,,
,,,217,0.06770087033510208,,,
,,,218,0.08772391080856323,,,
,,,219,0.0839705690741539,,,
,,,220,0.10504396259784698,,,
,,,221,0.0612129308283329,,,
,,,222,0.09448346495628357,,,
,,,223,0.08527961373329163,,,
,,,224,0.0745510384440422,,,
,,,225,0.07162602990865707,,,
,,,226,0.0727514922618866,,,
,,,227,0.06262779980897903,,,
,,,228,0.06803891807794571,,,
,,,229,0.05844123661518097,,,
,,,230,0.10675431787967682,,,
,,,231,0.09009146690368652,,,
,,,232,0.0623333677649498,,,
,,,233,0.08195745199918747,,,
,,,234,0.060234494507312775,,,
,,,235,0.0833887904882431,,,
,,,236,0.06913840770721436,,,
,,,237,0.062335360795259476,,,
,,,238,0.06286812573671341,,,
,,,239,0.05287523940205574,,,
,,,240,0.06821232289075851,,,
,,,241,0.08191987127065659,,,
,,,242,0.07482076436281204,,,
,,,243,0.053704503923654556,,,
,,,244,0.07018180191516876,,,
,,,245,0.061019495129585266,,,
,,,246,0.07171641290187836,,,
,,,247,0.07497964054346085,,,
,,,248,0.05986054241657257,,,
,,,249,0.04980192333459854,,,
,,,250,0.10621935874223709,,,
,,,251,0.057443663477897644,,,
,,,252,0.056421466171741486,,,
,,,253,0.07668615132570267,,,
,,,254,0.06242844834923744,,,
,,,255,0.0755818635225296,,,
,,,256,0.04794212803244591,,,
,,,257,0.0697638988494873,,,
,,,258,0.08093630522489548,,,
,,,259,0.053047776222229004,,,
,,,260,0.04379939287900925,,,
,,,261,0.05019195377826691,,,
,,,262,0.05359727144241333,,,
,,,263,0.08246263116598129,,,
,,,264,0.08703648298978806,,,
,,,265,0.056437283754348755,,,
,,,266,0.07293379306793213,,,
,,,267,0.058820199221372604,,,
,,,268,0.057727426290512085,,,
,,,269,0.10975086688995361,,,
,,,270,0.05564326420426369,,,
,,,271,0.06322158128023148,,,
,,,272,0.08047404885292053,,,
,,,273,0.0565965473651886,,,
,,,274,0.05327435955405235,,,
,,,275,0.05817708373069763,,,
,,,276,0.09859176725149155,,,
,,,277,0.137522354722023,,,
,,,278,0.09679342061281204,,,
,,,279,0.06036408990621567,,,
,,,280,0.06156299263238907,,,
,,,281,0.10104438662528992,,,
,,,282,0.10794948041439056,,,
,,,283,0.05501870810985565,,,
,,,284,0.10406451672315598,,,
,,,285,0.0528847835958004,,,
,,,286,0.05561307072639465,,,
,,,287,0.06965478509664536,,,
,,,288,0.0719817504286766,,,
,,,289,0.06139950081706047,,,
,,,290,0.07647000998258591,,,
,,,291,0.07799338549375534,,,
,,,292,0.05375212803483009,,,
,,,293,0.06033211201429367,,,
,,,294,0.05629737675189972,,,
,,,295,0.06316561251878738,,,
,,,296,0.0628826767206192,,,
,,,297,0.0933280661702156,,,
,,,298,0.06023367494344711,,,
,,,299,0.08542300015687943,,,
,,,300,0.05467623844742775,,,
,,,301,0.06453555077314377,,,
,,,302,0.04391050338745117,,,
,,,303,0.06887347251176834,,,
,,,304,0.09909951686859131,,,
,,,305,0.06616794317960739,,,
,,,306,0.07845162600278854,,,
,,,307,0.053995903581380844,,,
,,,308,0.094364695250988,,,
,,,309,0.05994592607021332,,,
,,,310,0.05410268157720566,,,
,,,311,0.06189877539873123,,,
,,,312,0.06684744358062744,,,
,,,313,0.05919770523905754,,,
,,,314,0.05060960352420807,,,
,,,315,0.0512484572827816,,,
,,,316,0.08397830277681351,,,
,,,317,0.0980149358510971,,,
,,1,2861,,0.0727732852101326,,
,,1,2861,,,0.07713798433542252,6.542311668395996
0.08476916700601578,5.035278797149658,2,2869,,,,
0.09706175327301025,1.4949116706848145,2,2879,,,,
0.06547723710536957,3.1118717193603516,2,2889,,,,
0.05245104059576988,5.237147808074951,2,2899,,,,
0.05635663494467735,4.548323631286621,2,2909,,,,
0.053211111575365067,12.918863296508789,2,2919,,,,
0.12404731661081314,5.348775863647461,2,2929,,,,
0.06225202605128288,11.580310821533203,2,2939,,,,
0.059310778975486755,12.225655555725098,2,2949,,,,
0.06357719749212265,4.547173023223877,2,2959,,,,
0.05499040707945824,8.239362716674805,2,2969,,,,
0.1005149558186531,7.221614837646484,2,2979,,,,
0.06589586287736893,8.534123420715332,2,2989,,,,
0.05654693767428398,1.2836822271347046,2,2999,,,,
0.06299855560064316,5.2338714599609375,2,3009,,,,
0.05694509670138359,4.208024501800537,2,3019,,,,
0.10505851358175278,1.913217544555664,2,3029,,,,
0.12112149596214294,2.28592586517334,2,3039,,,,
0.06385902315378189,4.7866644859313965,2,3049,,,,
0.07170117646455765,6.118134498596191,2,3059,,,,
0.05743531510233879,5.878018856048584,2,3069,,,,
0.04670660197734833,12.117915153503418,2,3079,,,,
0.05714907869696617,2.3315536975860596,2,3089,,,,
0.07520029693841934,1.3135768175125122,2,3099,,,,
0.06482858955860138,0.5739390850067139,2,3109,,,,
0.07547075301408768,8.650544166564941,2,3119,,,,
0.0672508180141449,10.880559921264648,2,3129,,,,
0.06028013676404953,3.7672791481018066,2,3139,,,,
0.06889194250106812,12.327421188354492,2,3149,,,,
0.063859723508358,6.697196006774902,2,3159,,,,
0.07142703980207443,19.07736587524414,2,3169,,,,
0.09078803658485413,18.763578414916992,2,3179,,,,
0.07016806304454803,12.339258193969727,2,3189,,,,
0.0634557381272316,9.844155311584473,2,3199,,,,
0.08763378858566284,10.30081844329834,2,3209,,,,
0.07619482278823853,9.478184700012207,2,3219,,,,
0.0902952030301094,9.319892883300781,2,3229,,,,
0.06654468178749084,2.0017998218536377,2,3239,,,,
0.06760013103485107,1.5119208097457886,2,3249,,,,
0.03845559433102608,3.401033401489258,2,3259,,,,
0.05573892220854759,1.3991644382476807,2,3269,,,,
0.08751308917999268,1.6716629266738892,2,3279,,,,
0.08181747794151306,1.5032879114151,2,3289,,,,
0.06060772389173508,8.542600631713867,2,3299,,,,
0.055590104311704636,7.927083969116211,2,3309,,,,
0.06043284386396408,4.995421409606934,2,3319,,,,
0.08496914803981781,2.354001045227051,2,3329,,,,
0.09455457329750061,1.5173107385635376,2,3339,,,,
0.07206644117832184,1.4035255908966064,2,3349,,,,
0.048723138868808746,4.097229957580566,2,3359,,,,
0.12466983497142792,5.480757236480713,2,3369,,,,
0.07206990569829941,3.303825616836548,2,3379,,,,
0.06974443048238754,3.829418659210205,2,3389,,,,
0.06787331402301788,1.6391372680664062,2,3399,,,,
0.050543807446956635,9.924577713012695,2,3409,,,,
0.1156444102525711,1.7770520448684692,2,3419,,,,
0.08253630995750427,6.065824031829834,2,3429,,,,
0.05353822186589241,8.425985336303711,2,3439,,,,
0.09556463360786438,6.673435211181641,2,3449,,,,
0.05673961713910103,1.4700536727905273,2,3459,,,,
0.08354552835226059,6.068486213684082,2,3469,,,,
0.052483078092336655,1.1007039546966553,2,3479,,,,
0.050407521426677704,8.489981651306152,2,3489,,,,
0.06832614541053772,3.4279353618621826,2,3499,,,,
0.0873342901468277,12.791935920715332,2,3509,,,,
0.06402625888586044,10.532279014587402,2,3519,,,,
0.06741805374622345,10.420495986938477,2,3529,,,,
0.06961127370595932,9.459803581237793,2,3539,,,,
0.07256024330854416,7.669266223907471,2,3549,,,,
0.055858489125967026,0.46507883071899414,2,3559,,,,
0.10107780247926712,3.148721218109131,2,3569,,,,
0.07605776935815811,4.86854362487793,2,3579,,,,
0.08773567527532578,2.4497387409210205,2,3589,,,,
0.061855968087911606,1.309916377067566,2,3599,,,,
0.056465569883584976,4.30186128616333,2,3609,,,,
0.06395760923624039,2.0423104763031006,2,3619,,,,
0.06918419152498245,6.755491256713867,2,3629,,,,
0.062032073736190796,8.840909957885742,2,3639,,,,
0.06125372648239136,18.13385009765625,2,3649,,,,
0.12612727284431458,16.69890594482422,2,3659,,,,
0.057781364768743515,13.871797561645508,2,3669,,,,
0.06300491094589233,5.412708282470703,2,3679,,,,
0.06520038098096848,16.33506965637207,2,3689,,,,
0.09561305493116379,11.241971015930176,2,3699,,,,
0.07888838648796082,11.563763618469238,2,3709,,,,
0.07509784400463104,4.812597274780273,2,3719,,,,
0.04997104033827782,7.4328694343566895,2,3729,,,,
0.08177421241998672,2.124312162399292,2,3739,,,,
0.06127988174557686,2.530778646469116,2,3749,,,,
0.09173179417848587,6.998793125152588,2,3759,,,,
0.08491562306880951,1.3024557828903198,2,3769,,,,
0.10013209283351898,3.8071508407592773,2,3779,,,,
0.05222765728831291,8.256869316101074,2,3789,,,,
0.04189469665288925,8.630929946899414,2,3799,,,,
0.07512941211462021,4.364906311035156,2,3809,,,,
0.06479474902153015,2.032258987426758,2,3819,,,,
0.07581669837236404,1.69143545627594,2,3829,,,,
0.0574445016682148,2.572227716445923,2,3839,,,,
0.03875366970896721,2.6052193641662598,2,3849,,,,
0.08394534885883331,4.916374683380127,2,3859,,,,
0.05819439888000488,8.331083297729492,2,3869,,,,
0.08904049545526505,15.124167442321777,2,3879,,,,
0.11009462922811508,13.481030464172363,2,3889,,,,
0.07654374092817307,7.372357368469238,2,3899,,,,
0.06209744140505791,9.840153694152832,2,3909,,,,
0.07929118722677231,19.53142738342285,2,3919,,,,
0.09193532168865204,16.14617156982422,2,3929,,,,
0.0643676146864891,12.635923385620117,2,3939,,,,
0.08675333857536316,3.8414828777313232,2,3949,,,,
0.08337423950433731,13.828780174255371,2,3959,,,,
0.061827391386032104,10.738971710205078,2,3969,,,,
0.05118374899029732,2.5709524154663086,2,3979,,,,
0.10152816027402878,12.888394355773926,2,3989,,,,
0.06975147873163223,1.3535140752792358,2,3999,,,,
0.05203348398208618,10.151451110839844,2,4009,,,,
0.05581754818558693,2.6363863945007324,2,4019,,,,
0.07184764742851257,7.669195175170898,2,4029,,,,
0.08919384330511093,8.137243270874023,2,4039,,,,
0.07873065769672394,2.538301467895508,2,4049,,,,
0.10996614396572113,6.196412563323975,2,4059,,,,
0.10610394924879074,3.7494587898254395,2,4069,,,,
0.09063193202018738,2.94197940826416,2,4079,,,,
0.12151364237070084,4.662562370300293,2,4089,,,,
0.05673281475901604,6.052947521209717,2,4099,,,,
0.05856819078326225,5.059650897979736,2,4109,,,,
0.047909967601299286,4.926380157470703,2,4119,,,,
0.057874567806720734,1.8499937057495117,2,4129,,,,
0.07772625237703323,8.944415092468262,2,4139,,,,
0.06870720535516739,11.214337348937988,2,4149,,,,
0.06988659501075745,13.50307559967041,2,4159,,,,
0.10382197797298431,5.710690498352051,2,4169,,,,
0.055930521339178085,1.9691506624221802,2,4179,,,,
0.09546025842428207,1.9296278953552246,2,4189,,,,
0.060796067118644714,7.16011381149292,2,4199,,,,
0.07454179227352142,3.939148426055908,2,4209,,,,
0.0404825434088707,12.472607612609863,2,4219,,,,
0.07072295248508453,2.757692575454712,2,4229,,,,
0.06865409016609192,5.268791198730469,2,4239,,,,
0.10519880801439285,9.02651596069336,2,4249,,,,
0.06649532169103622,3.187937021255493,2,4259,,,,
0.05173879489302635,5.349401950836182,2,4269,,,,
0.11061766743659973,3.543656349182129,2,4279,,,,
0.11278292536735535,3.3496317863464355,2,4289,,,,
,,,318,0.0702117383480072,,,
,,,319,0.0468805730342865,,,
,,,320,0.09982350468635559,,,
,,,321,0.05922405421733856,,,
,,,322,0.09336739033460617,,,
,,,323,0.07714258879423141,,,
,,,324,0.06300517171621323,,,
,,,325,0.06238255277276039,,,
,,,326,0.10895515978336334,,,
,,,327,0.08883415162563324,,,
,,,328,0.08240428566932678,,,
,,,329,0.059340253472328186,,,
,,,330,0.0945039913058281,,,
,,,331,0.07035825401544571,,,
,,,332,0.06742348521947861,,,
,,,333,0.07361959666013718,,,
,,,334,0.08305808156728745,,,
,,,335,0.0561889111995697,,,
,,,336,0.06504913419485092,,,
,,,337,0.09395783394575119,,,
,,,338,0.06023857370018959,,,
,,,339,0.050930868834257126,,,
,,,340,0.07388120144605637,,,
,,,341,0.06608188152313232,,,
,,,342,0.06059170886874199,,,
,,,343,0.09830785542726517,,,
,,,344,0.07252402603626251,,,
,,,345,0.058669570833444595,,,
,,,346,0.04768401384353638,,,
,,,347,0.06870541721582413,,,
,,,348,0.05676715821027756,,,
,,,349,0.05859728157520294,,,
,,,350,0.059102121740579605,,,
,,,351,0.047072600573301315,,,
,,,352,0.08641328662633896,,,
,,,353,0.03989732638001442,,,
,,,354,0.0581873394548893,,,
,,,355,0.057078566402196884,,,
,,,356,0.04439910873770714,,,
,,,357,0.04875320568680763,,,
,,,358,0.08007010072469711,,,
,,,359,0.06080203503370285,,,
,,,360,0.08342938125133514,,,
,,,361,0.07034216076135635,,,
,,,362,0.09012877196073532,,,
,,,363,0.10361360758543015,,,
,,,364,0.052784428000450134,,,
,,,365,0.07085655629634857,,,
,,,366,0.08398383855819702,,,
,,,367,0.05657621845602989,,,
,,,368,0.05945669114589691,,,
,,,369,0.07184191048145294,,,
,,,370,0.08806069940328598,,,
,,,371,0.07492697983980179,,,
,,,372,0.11867828667163849,,,
,,,373,0.05863390862941742,,,
,,,374,0.04266135022044182,,,
,,,375,0.07640941441059113,,,
,,,376,0.0430547297000885,,,
,,,377,0.07371394336223602,,,
,,,378,0.059658728539943695,,,
,,,379,0.06288261711597443,,,
,,,380,0.058584216982126236,,,
,,,381,0.09106812626123428,,,
,,,382,0.08963334560394287,,,
,,,383,0.05763931944966316,,,
,,,384,0.037726499140262604,,,
,,,385,0.04864192754030228,,,
,,,386,0.08668483793735504,,,
,,,387,0.12770915031433105,,,
,,,388,0.05623539909720421,,,
,,,389,0.0723344087600708,,,
,,,390,0.07871495187282562,,,
,,,391,0.09238993376493454,,,
,,,392,0.08648400753736496,,,
,,,393,0.08435558527708054,,,
,,,394,0.07045275717973709,,,
,,,395,0.04979660362005234,,,
,,,396,0.08100029826164246,,,
,,,397,0.07192276418209076,,,
,,,398,0.06198379769921303,,,
,,,399,0.06469492614269257,,,
,,,400,0.07904722541570663,,,
,,,401,0.07147308439016342,,,
,,,402,0.05819071829319,,,
,,,403,0.047097064554691315,,,
,,,404,0.11298694461584091,,,
,,,405,0.08047092705965042,,,
,,,406,0.09346569329500198,,,
,,,407,0.055818237364292145,,,
,,,408,0.05174452066421509,,,
,,,409,0.059895746409893036,,,
,,,410,0.03603733703494072,,,
,,,411,0.053025681525468826,,,
,,,412,0.06730665266513824,,,
,,,413,0.05439142510294914,,,
,,,414,0.08347731828689575,,,
,,,415,0.06796570122241974,,,
,,,416,0.06032071262598038,,,
,,,417,0.10554491728544235,,,
,,,418,0.09186333417892456,,,
,,,419,0.04965560510754585,,,
,,,420,0.1066993772983551,,,
,,,421,0.0802212506532669,,,
,,,422,0.05807357281446457,,,
,,,423,0.08725061267614365,,,
,,,424,0.054739926010370255,,,
,,,425,0.0762563943862915,,,
,,,426,0.05337926372885704,,,
,,,427,0.049165546894073486,,,
,,,428,0.08921615034341812,,,
,,,429,0.06395990401506424,,,
,,,430,0.07006709277629852,,,
,,,431,0.036190107464790344,,,
,,,432,0.06158435717225075,,,
,,,433,0.06189354881644249,,,
,,,434,0.05107511207461357,,,
,,,435,0.08305145055055618,,,
,,,436,0.09289578348398209,,,
,,,437,0.055295679718256,,,
,,,438,0.07446292042732239,,,
,,,439,0.05977381765842438,,,
,,,440,0.051335856318473816,,,
,,,441,0.06672491133213043,,,
,,,442,0.08790873736143112,,,
,,,443,0.0885053277015686,,,
,,,444,0.07055915147066116,,,
,,,445,0.06627554446458817,,,
,,,446,0.07374390214681625,,,
,,,447,0.0657610073685646,,,
,,,448,0.053993742913007736,,,
,,,449,0.06796740740537643,,,
,,,450,0.09782066196203232,,,
,,,451,0.062661312520504,,,
,,,452,0.0734359622001648,,,
,,,453,0.06732974201440811,,,
,,,454,0.07651080936193466,,,
,,,455,0.06553871184587479,,,
,,,456,0.055137455463409424,,,
,,,457,0.06532076746225357,,,
,,,458,0.06695672124624252,,,
,,,459,0.09429160505533218,,,
,,,460,0.106519415974617,,,
,,,461,0.04644489288330078,,,
,,,462,0.07362566888332367,,,
,,,463,0.07026895880699158,,,
,,,464,0.07953888177871704,,,
,,,465,0.06446996331214905,,,
,,,466,0.08946540206670761,,,
,,,467,0.10223182290792465,,,
,,,468,0.033746037632226944,,,
,,,469,0.05719974637031555,,,
,,,470,0.06176449730992317,,,
,,,471,0.05396969988942146,,,
,,,472,0.03219129517674446,,,
,,,473,0.03739389777183533,,,
,,,474,0.05702013894915581,,,
,,,475,0.0718938559293747,,,
,,,476,0.08478130400180817,,,
,,2,4292,,0.06959475576877594,,
,,2,4292,,,0.07308359444141388,6.51400899887085
0.05520432069897652,6.348401069641113,3,4299,,,,
0.0606580525636673,1.0517475605010986,3,4309,,,,
0.055648449808359146,14.592050552368164,3,4319,,,,
0.07780525833368301,10.570963859558105,3,4329,,,,
0.07796972990036011,8.696419715881348,3,4339,,,,
0.04644419252872467,1.6077345609664917,3,4349,,,,
0.0811939537525177,5.188323020935059,3,4359,,,,
0.09721372276544571,3.4532878398895264,3,4369,,,,
0.04795685037970543,1.0509411096572876,3,4379,,,,
0.0542747937142849,7.131424427032471,3,4389,,,,
0.08732953667640686,7.403836727142334,3,4399,,,,
0.05721570923924446,7.1223673820495605,3,4409,,,,
0.06613058596849442,5.2935709953308105,3,4419,,,,
0.060841403901576996,5.714856147766113,3,4429,,,,
0.09409146755933762,8.374893188476562,3,4439,,,,
0.07660328596830368,3.512583017349243,3,4449,,,,
0.062098428606987,8.3162260055542,3,4459,,,,
0.06964883953332901,6.189943790435791,3,4469,,,,
0.05970269441604614,1.6482847929000854,3,4479,,,,
0.07616566121578217,11.716496467590332,3,4489,,,,
0.04388836771249771,9.174294471740723,3,4499,,,,
0.05209372565150261,12.14513111114502,3,4509,,,,
0.06094275414943695,4.175961971282959,3,4519,,,,
0.06337575614452362,2.5317413806915283,3,4529,,,,
0.08137974888086319,5.279057502746582,3,4539,,,,
0.08352187275886536,10.48619270324707,3,4549,,,,
0.1176898330450058,9.865092277526855,3,4559,,,,
0.05948828533291817,9.600020408630371,3,4569,,,,
0.05592053756117821,1.326094627380371,3,4579,,,,
0.05043252557516098,10.543072700500488,3,4589,,,,
0.08850278705358505,3.1940701007843018,3,4599,,,,
0.06272995471954346,11.348738670349121,3,4609,,,,
0.074981190264225,4.865189552307129,3,4619,,,,
0.05816253647208214,6.995092868804932,3,4629,,,,
0.08256792277097702,5.441107273101807,3,4639,,,,
0.06246276572346687,2.615910530090332,3,4649,,,,
0.05059516057372093,3.106367588043213,3,4659,,,,
0.11399727314710617,3.1768393516540527,3,4669,,,,
0.064083531498909,7.011202812194824,3,4679,,,,
0.08623193949460983,2.5055885314941406,3,4689,,,,
0.06075359135866165,3.675938606262207,3,4699,,,,
0.06516643613576889,4.3170671463012695,3,4709,,,,
0.07311631739139557,3.5153517723083496,3,4719,,,,
0.05190243944525719,9.12570858001709,3,4729,,,,
0.08645312488079071,6.083029270172119,3,4739,,,,
0.06144775450229645,4.5689778327941895,3,4749,,,,
0.07146739959716797,1.0638142824172974,3,4759,,,,
0.05960235744714737,0.8590413928031921,3,4769,,,,
0.07794875651597977,0.7580857276916504,3,4779,,,,
0.0652061328291893,14.137825965881348,3,4789,,,,
0.06441415846347809,3.9589178562164307,3,4799,,,,
0.08145393431186676,3.745361804962158,3,4809,,,,
0.06829867511987686,0.44074541330337524,3,4819,,,,
0.04602043703198433,1.4236102104187012,3,4829,,,,
0.06893537938594818,1.8430145978927612,3,4839,,,,
0.06832718104124069,10.778495788574219,3,4849,,,,
0.09094219654798508,0.34389936923980713,3,4859,,,,
0.07506633549928665,2.8135998249053955,3,4869,,,,
0.06880950927734375,1.836741328239441,3,4879,,,,
0.07549349963665009,1.776741623878479,3,4889,,,,
0.06818348169326782,6.091864585876465,3,4899,,,,
0.05941988155245781,2.0234129428863525,3,4909,,,,
0.04785732179880142,2.4161553382873535,3,4919,,,,
0.058242540806531906,2.2084882259368896,3,4929,,,,
0.08561060577630997,3.280320644378662,3,4939,,,,
0.06857297569513321,1.9741140604019165,3,4949,,,,
0.04763543978333473,3.2095136642456055,3,4959,,,,
0.048881735652685165,6.015083312988281,3,4969,,,,
0.0539541020989418,1.593194603919983,3,4979,,,,
0.06497105956077576,2.4928932189941406,3,4989,,,,
0.09101668745279312,4.50438928604126,3,4999,,,,
0.1086048111319542,5.658690929412842,3,5009,,,,
0.0918024554848671,5.627070426940918,3,5019,,,,
0.06281687319278717,6.823765754699707,3,5029,,,,
0.08899452537298203,6.049124717712402,3,5039,,,,
0.07578419148921967,1.8262825012207031,3,5049,,,,
0.05743689835071564,4.457694053649902,3,5059,,,,
0.06325963884592056,9.370787620544434,3,5069,,,,
0.0741766169667244,2.459479570388794,3,5079,,,,
0.04752572625875473,2.177105188369751,3,5089,,,,
0.057569470256567,2.8951222896575928,3,5099,,,,
0.05725690722465515,8.4344482421875,3,5109,,,,
0.056738220155239105,6.371930122375488,3,5119,,,,
0.057079315185546875,3.925845146179199,3,5129,,,,
0.06473395973443985,1.6217073202133179,3,5139,,,,
0.0522594079375267,5.037165641784668,3,5149,,,,
0.0653882622718811,5.325052261352539,3,5159,,,,
0.04595638066530228,8.38566780090332,3,5169,,,,
0.07019484043121338,4.756801605224609,3,5179,,,,
0.053266461938619614,4.916556358337402,3,5189,,,,
0.06099626421928406,6.838662147521973,3,5199,,,,
0.04795100539922714,5.379593372344971,3,5209,,,,
0.06640376150608063,7.8925933837890625,3,5219,,,,
0.045509979128837585,14.042682647705078,3,5229,,,,
0.05188378691673279,3.7078475952148438,3,5239,,,,
0.11643267422914505,3.831557512283325,3,5249,,,,
0.07337621599435806,7.575833797454834,3,5259,,,,
0.07722584158182144,15.530766487121582,3,5269,,,,
0.07951655983924866,6.19429874420166,3,5279,,,,
0.08219414204359055,5.125892639160156,3,5289,,,,
0.09955091774463654,2.2382638454437256,3,5299,,,,
0.07403714209794998,8.979299545288086,3,5309,,,,
0.06270825117826462,13.486328125,3,5319,,,,
0.08949766308069229,3.2526748180389404,3,5329,,,,
0.11321993917226791,10.40964126586914,3,5339,,,,
0.06417429447174072,5.9698286056518555,3,5349,,,,
0.07923861593008041,8.7927885055542,3,5359,,,,
0.09999280422925949,8.324811935424805,3,5369,,,,
0.07167160511016846,0.9209422469139099,3,5379,,,,
0.08062221109867096,9.272908210754395,3,5389,,,,
0.06306383013725281,7.368473052978516,3,5399,,,,
0.08575423061847687,8.331750869750977,3,5409,,,,
0.057935651391744614,5.821114540100098,3,5419,,,,
0.07569210976362228,5.626741886138916,3,5429,,,,
0.05405391380190849,1.7776799201965332,3,5439,,,,
0.05563940480351448,2.009101629257202,3,5449,,,,
0.06972715258598328,2.880014419555664,3,5459,,,,
0.09175374358892441,2.127596378326416,3,5469,,,,
0.03991815820336342,7.322680473327637,3,5479,,,,
0.04575812444090843,3.4383153915405273,3,5489,,,,
0.05636674165725708,0.49523380398750305,3,5499,,,,
0.058311134576797485,4.284437656402588,3,5509,,,,
0.0589183047413826,16.086772918701172,3,5519,,,,
0.08038534224033356,9.896489143371582,3,5529,,,,
0.07903460413217545,4.374621391296387,3,5539,,,,
0.058558039367198944,11.359169960021973,3,5549,,,,
0.05757059529423714,10.178009986877441,3,5559,,,,
0.08328602463006973,6.771561145782471,3,5569,,,,
0.07888287305831909,9.361505508422852,3,5579,,,,
0.0743291974067688,10.952672004699707,3,5589,,,,
0.05796538665890694,1.5844199657440186,3,5599,,,,
0.07750161737203598,1.0457990169525146,3,5609,,,,
0.08370651304721832,6.807514667510986,3,5619,,,,
0.07199665158987045,10.404815673828125,3,5629,,,,
0.0765523612499237,6.330999851226807,3,5639,,,,
0.06414752453565598,7.643158435821533,3,5649,,,,
0.04731760174036026,3.95711088180542,3,5659,,,,
0.06933153420686722,3.6280128955841064,3,5669,,,,
0.047021105885505676,9.631689071655273,3,5679,,,,
0.06937526911497116,3.216400384902954,3,5689,,,,
0.0681447982788086,3.676872491836548,3,5699,,,,
0.0427861362695694,6.935207366943359,3,5709,,,,
0.07852854579687119,0.7247694134712219,3,5719,,,,
,,,477,0.07887198776006699,,,
,,,478,0.07237784564495087,,,
,,,479,0.07823263853788376,,,
,,,480,0.05252332612872124,,,
,,,481,0.03974771499633789,,,
,,,482,0.09730225056409836,,,
,,,483,0.04980713874101639,,,
,,,484,0.08484630286693573,,,
,,,485,0.06361906975507736,,,
,,,486,0.05062467232346535,,,
,,,487,0.07164569944143295,,,
,,,488,0.0684545561671257,,,
,,,489,0.07227765023708344,,,
,,,490,0.06534901261329651,,,
,,,491,0.04172002524137497,,,
,,,492,0.07245184481143951,,,
,,,493,0.048799779266119,,,
,,,494,0.06423403322696686,,,
,,,495,0.08226189017295837,,,
,,,496,0.037883106619119644,,,
,,,497,0.05846242979168892,,,
,,,498,0.046938203275203705,,,
,,,499,0.062135640531778336,,,
,,,500,0.058711711317300797,,,
,,,501,0.05822894722223282,,,
,,,502,0.07518428564071655,,,
,,,503,0.05392581224441528,,,
,,,504,0.09514667093753815,,,
,,,505,0.05248035490512848,,,
,,,506,0.05706021934747696,,,
,,,507,0.0593428872525692,,,
,,,508,0.04310990869998932,,,
,,,509,0.08565720915794373,,,
,,,510,0.055494073778390884,,,
,,,511,0.0699796974658966,,,
,,,512,0.056909069418907166,,,
,,,513,0.06870655715465546,,,
,,,514,0.059780512005090714,,,
,,,515,0.05648085102438927,,,
,,,516,0.05710124969482422,,,
,,,517,0.05026988685131073,,,
,,,518,0.07450275868177414,,,
,,,519,0.07635071873664856,,,
,,,520,0.0644017681479454,,,
,,,521,0.07964455336332321,,,
,,,522,0.06724874675273895,,,
,,,523,0.04425374045968056,,,
,,,524,0.07060223072767258,,,
,,,525,0.05688236281275749,,,
,,,526,0.06835058331489563,,,
,,,527,0.05805979669094086,,,
,,,528,0.06059766188263893,,,
,,,529,0.050065722316503525,,,
,,,530,0.05803085118532181,,,
,,,531,0.08410351723432541,,,
,,,532,0.09075456857681274,,,
,,,533,0.06148472800850868,,,
,,,534,0.05701916664838791,,,
,,,535,0.045029815286397934,,,
,,,536,0.04734149947762489,,,
,,,537,0.07151126861572266,,,
,,,538,0.08245854079723358,,,
,,,539,0.07236199080944061,,,
,,,540,0.06562440097332001,,,
,,,541,0.0916820541024208,,,
,,,542,0.04586361348628998,,,
,,,543,0.0840841606259346,,,
,,,544,0.07655538618564606,,,
,,,545,0.0838136151432991,,,
,,,546,0.09442299604415894,,,
,,,547,0.07657938450574875,,,
,,,548,0.08850942552089691,,,
,,,549,0.10336948186159134,,,
,,,550,0.08263597637414932,,,
,,,551,0.04675085470080376,,,
,,,552,0.04940005764365196,,,
,,,553,0.05962011218070984,,,
,,,554,0.06777942925691605,,,
,,,555,0.0739288330078125,,,
,,,556,0.048402924090623856,,,
,,,557,0.043055370450019836,,,
,,,558,0.06993668526411057,,,
,,,559,0.09391149133443832,,,
,,,560,0.0901988074183464,,,
,,,561,0.05332532152533531,,,
,,,562,0.10354679077863693,,,
,,,563,0.09312602132558823,,,
,,,564,0.042913638055324554,,,
,,,565,0.07674001902341843,,,
,,,566,0.07126417756080627,,,
,,,567,0.06276469677686691,,,
,,,568,0.06370942294597626,,,
,,,569,0.04554462432861328,,,
,,,570,0.05726297199726105,,,
,,,571,0.05443289130926132,,,
,,,572,0.08054577559232712,,,
,,,573,0.07765845209360123,,,
,,,574,0.032676730304956436,,,
,,,575,0.07295792549848557,,,
,,,576,0.047635044902563095,,,
,,,577,0.04569654539227486,,,
,,,578,0.05284172296524048,,,
,,,579,0.04152437672019005,,,
,,,580,0.07704514265060425,,,
,,,581,0.053844135254621506,,,
,,,582,0.07817567139863968,,,
,,,583,0.04089781269431114,,,
,,,584,0.06833528727293015,,,
,,,585,0.05455498397350311,,,
,,,586,0.08763276040554047,,,
,,,587,0.10704131424427032,,,
,,,588,0.06480364501476288,,,
,,,589,0.05484743043780327,,,
,,,590,0.06012532114982605,,,
,,,591,0.07016655802726746,,,
,,,592,0.08102759718894958,,,
,,,593,0.049936529248952866,,,
,,,594,0.0636787936091423,,,
,,,595,0.06515751779079437,,,
,,,596,0.0648423582315445,,,
,,,597,0.07106328755617142,,,
,,,598,0.09818185865879059,,,
,,,599,0.060637425631284714,,,
,,,600,0.03557596728205681,,,
,,,601,0.088141530752182,,,
,,,602,0.04949638992547989,,,
,,,603,0.10209430754184723,,,
,,,604,0.062155116349458694,,,
,,,605,0.1394287496805191,,,
,,,606,0.07679148763418198,,,
,,,607,0.07194028049707413,,,
,,,608,0.06692178547382355,,,
,,,609,0.06709440052509308,,,
,,,610,0.04417557269334793,,,
,,,611,0.052138686180114746,,,
,,,612,0.048180632293224335,,,
,,,613,0.07853759080171585,,,
,,,614,0.039228908717632294,,,
,,,615,0.0355704091489315,,,
,,,616,0.06354358792304993,,,
,,,617,0.09300151467323303,,,
,,,618,0.052077751606702805,,,
,,,619,0.05881665274500847,,,
,,,620,0.0580839067697525,,,
,,,621,0.08403810113668442,,,
,,,622,0.06714244186878204,,,
,,,623,0.05624419450759888,,,
,,,624,0.0722668468952179,,,
,,,625,0.05979062616825104,,,
,,,626,0.08883441984653473,,,
,,,627,0.07693780213594437,,,
,,,628,0.07275041937828064,,,
,,,629,0.06588566303253174,,,
,,,630,0.06777200102806091,,,
,,,631,0.06832221150398254,,,
,,,632,0.06599412113428116,,,
,,,633,0.036817364394664764,,,
,,,634,0.04858693480491638,,,
,,,635,0.04557365924119949,,,
,,3,5723,,0.0657825767993927,,
,,3,5723,,,0.06916847825050354,5.467306613922119
0.06115536019206047,9.531708717346191,4,5729,,,,
0.0619887113571167,7.279058933258057,4,5739,,,,
0.07599510997533798,11.2033052444458,4,5749,,,,
0.06020971015095711,10.180975914001465,4,5759,,,,
0.10675306618213654,6.443297863006592,4,5769,,,,
0.07617734372615814,13.362759590148926,4,5779,,,,
0.0439203605055809,15.249348640441895,4,5789,,,,
0.06857936084270477,3.9901866912841797,4,5799,,,,
0.09145655483007431,7.155857563018799,4,5809,,,,
0.06784245371818542,21.329191207885742,4,5819,,,,
0.06530727446079254,1.0282756090164185,4,5829,,,,
0.07438365370035172,4.698963642120361,4,5839,,,,
0.07193558663129807,9.666158676147461,4,5849,,,,
0.08381707966327667,4.217066764831543,4,5859,,,,
0.07001233100891113,17.33109474182129,4,5869,,,,
0.07730340957641602,5.432546615600586,4,5879,,,,
0.09171269088983536,20.23091697692871,4,5889,,,,
0.05202050134539604,8.902203559875488,4,5899,,,,
0.0783003717660904,18.216670989990234,4,5909,,,,
0.06752105057239532,15.84380054473877,4,5919,,,,
0.052656590938568115,2.604804039001465,4,5929,,,,
0.0561806857585907,11.313488960266113,4,5939,,,,
0.06049039214849472,10.236347198486328,4,5949,,,,
0.07485565543174744,7.087517738342285,4,5959,,,,
0.060162581503391266,9.23294734954834,4,5969,,,,
0.08008624613285065,10.325227737426758,4,5979,,,,
0.07286515831947327,9.721639633178711,4,5989,,,,
0.10179582238197327,10.44845962524414,4,5999,,,,
0.05734948068857193,9.863020896911621,4,6009,,,,
0.048832427710294724,9.61614990234375,4,6019,,,,
0.06707119196653366,10.485389709472656,4,6029,,,,
0.04366346821188927,8.995837211608887,4,6039,,,,
0.0626215785741806,11.115682601928711,4,6049,,,,
0.051921892911195755,4.152515411376953,4,6059,,,,
0.07246658951044083,3.4482996463775635,4,6069,,,,
0.06678850203752518,0.25298652052879333,4,6079,,,,
0.07432929426431656,5.696571350097656,4,6089,,,,
0.0833301842212677,7.546862602233887,4,6099,,,,
0.07005070894956589,12.968140602111816,4,6109,,,,
0.058387212455272675,10.316747665405273,4,6119,,,,
0.06921049952507019,12.562480926513672,4,6129,,,,
0.05694030225276947,4.99289608001709,4,6139,,,,
0.08258093148469925,1.1703306436538696,4,6149,,,,
0.04929890111088753,1.5450457334518433,4,6159,,,,
0.04292285814881325,2.068291425704956,4,6169,,,,
0.04416676610708237,5.758082389831543,4,6179,,,,
0.04927915707230568,1.8498539924621582,4,6189,,,,
0.09224173426628113,5.310877799987793,4,6199,,,,
0.06356306374073029,9.287446022033691,4,6209,,,,
0.09846719354391098,2.3165812492370605,4,6219,,,,
0.07975504547357559,8.256494522094727,4,6229,,,,
0.049062903970479965,6.204517841339111,4,6239,,,,
0.0745171308517456,1.6653995513916016,4,6249,,,,
0.06613065302371979,3.4609804153442383,4,6259,,,,
0.05795604735612869,8.357812881469727,4,6269,,,,
0.05947024002671242,1.908527135848999,4,6279,,,,
0.04585793986916542,5.077003479003906,4,6289,,,,
0.055443521589040756,1.8276710510253906,4,6299,,,,
0.07116906344890594,7.345937252044678,4,6309,,,,
0.06923853605985641,1.0328142642974854,4,6319,,,,
0.061651505529880524,5.642343997955322,4,6329,,,,
0.05473574995994568,2.5951809883117676,4,6339,,,,
0.0736074149608612,7.5799384117126465,4,6349,,,,
0.06882836669683456,11.552610397338867,4,6359,,,,
0.06272709369659424,13.439339637756348,4,6369,,,,
0.06701293587684631,5.571584701538086,4,6379,,,,
0.049428969621658325,6.038512706756592,4,6389,,,,
0.06370489299297333,9.39174747467041,4,6399,,,,
0.0877409428358078,5.65555477142334,4,6409,,,,
0.08524826914072037,1.7819312810897827,4,6419,,,,
0.05611821636557579,4.6925787925720215,4,6429,,,,
0.05728619545698166,5.025236129760742,4,6439,,,,
0.07903287559747696,1.4026507139205933,4,6449,,,,
0.08344259113073349,1.2552591562271118,4,6459,,,,
0.05453893169760704,2.559638738632202,4,6469,,,,
0.06763925403356552,6.807953357696533,4,6479,,,,
0.06853348016738892,3.940048933029175,4,6489,,,,
0.07056678831577301,1.6399016380310059,4,6499,,,,
0.0710325688123703,1.0850893259048462,4,6509,,,,
0.06105782464146614,0.7792953252792358,4,6519,,,,
0.06599511951208115,8.287694931030273,4,6529,,,,
0.045889995992183685,9.53222942352295,4,6539,,,,
0.07191526889801025,2.584383010864258,4,6549,,,,
0.0639486163854599,2.61364483833313,4,6559,,,,
0.05578945204615593,2.482217788696289,4,6569,,,,
0.05166785046458244,2.576505422592163,4,6579,,,,
0.08990892022848129,3.830324172973633,4,6589,,,,
0.0679064467549324,6.016000270843506,4,6599,,,,
0.08243582397699356,3.2090818881988525,4,6609,,,,
0.08658862859010696,1.0881104469299316,4,6619,,,,
0.06046489626169205,5.256704330444336,4,6629,,,,
0.042167652398347855,2.367039680480957,4,6639,,,,
0.07611405849456787,3.324058771133423,4,6649,,,,
0.061715759336948395,2.0575828552246094,4,6659,,,,
0.09416496753692627,4.583906650543213,4,6669,,,,
0.061947841197252274,5.028311252593994,4,6679,,,,
0.09008736163377762,5.061401844024658,4,6689,,,,
0.037892360240221024,1.187469720840454,4,6699,,,,
0.0821465402841568,4.334875106811523,4,6709,,,,
0.053654298186302185,8.754295349121094,4,6719,,,,
0.07369142770767212,5.657693386077881,4,6729,,,,
0.07127906382083893,1.348427414894104,4,6739,,,,
0.05143949016928673,8.501175880432129,4,6749,,,,
0.0877419039607048,4.718296051025391,4,6759,,,,
0.07267442345619202,1.1308019161224365,4,6769,,,,
0.07697992026805878,13.084999084472656,4,6779,,,,
0.06418893486261368,10.857901573181152,4,6789,,,,
0.057223327457904816,4.230520725250244,4,6799,,,,
0.0496150404214859,4.396462917327881,4,6809,,,,
0.050701387226581573,13.415956497192383,4,6819,,,,
0.06629271060228348,8.164350509643555,4,6829,,,,
0.03672274947166443,8.982787132263184,4,6839,,,,
0.05514548346400261,1.709167242050171,4,6849,,,,
0.053062014281749725,4.225429534912109,4,6859,,,,
0.08912955224514008,1.0794286727905273,4,6869,,,,
0.08068809658288956,8.801060676574707,4,6879,,,,
0.04693357273936272,12.092809677124023,4,6889,,,,
0.06751646101474762,5.960503578186035,4,6899,,,,
0.045591630041599274,6.314234733581543,4,6909,,,,
0.08074786514043808,4.224362373352051,4,6919,,,,
0.06720119714736938,1.9624077081680298,4,6929,,,,
0.08131232112646103,2.7240021228790283,4,6939,,,,
0.04703376442193985,6.588500499725342,4,6949,,,,
0.08353769034147263,1.722467303276062,4,6959,,,,
0.04712461680173874,4.716832637786865,4,6969,,,,
0.064191073179245,6.384291172027588,4,6979,,,,
0.07155700773000717,1.343894362449646,4,6989,,,,
0.04640602320432663,5.741702079772949,4,6999,,,,
0.04424745589494705,1.5272915363311768,4,7009,,,,
0.06378847360610962,1.806193232536316,4,7019,,,,
0.06354156136512756,6.3669352531433105,4,7029,,,,
0.07071235030889511,6.943120002746582,4,7039,,,,
0.07581015676259995,10.15915298461914,4,7049,,,,
0.06237111613154411,6.24308967590332,4,7059,,,,
0.0676008015871048,7.162288665771484,4,7069,,,,
0.0758012905716896,3.6585092544555664,4,7079,,,,
0.04679189994931221,5.782909393310547,4,7089,,,,
0.049037422984838486,2.2356927394866943,4,7099,,,,
0.0814037024974823,1.4102519750595093,4,7109,,,,
0.07265523076057434,8.728476524353027,4,7119,,,,
0.05407301336526871,6.972447872161865,4,7129,,,,
0.06123277544975281,2.7387514114379883,4,7139,,,,
0.05158933997154236,2.702420711517334,4,7149,,,,
,,,636,0.05544549226760864,,,
,,,637,0.08799511194229126,,,
,,,638,0.0523054338991642,,,
,,,639,0.04452626779675484,,,
,,,640,0.0648670643568039,,,
,,,641,0.06199215352535248,,,
,,,642,0.06678421795368195,,,
,,,643,0.07270169258117676,,,
,,,644,0.07426125556230545,,,
,,,645,0.0807173028588295,,,
,,,646,0.07072782516479492,,,
,,,647,0.05199086293578148,,,
,,,648,0.08921920508146286,,,
,,,649,0.05130396783351898,,,
,,,650,0.08481112867593765,,,
,,,651,0.061840180307626724,,,
,,,652,0.04938550665974617,,,
,,,653,0.07068043202161789,,,
,,,654,0.04778720438480377,,,
,,,655,0.07448896765708923,,,
,,,656,0.05731838196516037,,,
,,,657,0.06697564572095871,,,
,,,658,0.07879246771335602,,,
,,,659,0.04968494549393654,,,
,,,660,0.12411097437143326,,,
,,,661,0.12112843245267868,,,
,,,662,0.09496022760868073,,,
,,,663,0.07977811247110367,,,
,,,664,0.054991573095321655,,,
,,,665,0.05505181849002838,,,
,,,666,0.04791080579161644,,,
,,,667,0.041840001940727234,,,
,,,668,0.0648217424750328,,,
,,,669,0.060409948229789734,,,
,,,670,0.045356832444667816,,,
,,,671,0.06220070645213127,,,
,,,672,0.05609051510691643,,,
,,,673,0.06179283559322357,,,
,,,674,0.10968264937400818,,,
,,,675,0.07206561416387558,,,
,,,676,0.06940635293722153,,,
,,,677,0.04208460450172424,,,
,,,678,0.06539178639650345,,,
,,,679,0.05525800958275795,,,
,,,680,0.0725136548280716,,,
,,,681,0.06747976690530777,,,
,,,682,0.05503569170832634,,,
,,,683,0.07921209186315536,,,
,,,684,0.06286268681287766,,,
,,,685,0.0527498759329319,,,
,,,686,0.06129760667681694,,,
,,,687,0.05573117733001709,,,
,,,688,0.06609765440225601,,,
,,,689,0.07821699231863022,,,
,,,690,0.09247440844774246,,,
,,,691,0.044784899801015854,,,
,,,692,0.057903435081243515,,,
,,,693,0.04654587432742119,,,
,,,694,0.052475620061159134,,,
,,,695,0.10272708535194397,,,
,,,696,0.056223299354314804,,,
,,,697,0.07047519087791443,,,
,,,698,0.0713191032409668,,,
,,,699,0.070780448615551,,,
,,,700,0.07441111654043198,,,
,,,701,0.047551900148391724,,,
,,,702,0.046780385076999664,,,
,,,703,0.07031504809856415,,,
,,,704,0.09295964241027832,,,
,,,705,0.05249553173780441,,,
,,,706,0.06835682690143585,,,
,,,707,0.10825182497501373,,,
,,,708,0.07028894871473312,,,
,,,709,0.07807058840990067,,,
,,,710,0.06596291065216064,,,
,,,711,0.05352509394288063,,,
,,,712,0.057107649743556976,,,
,,,713,0.066786028444767,,,
,,,714,0.04642777517437935,,,
,,,715,0.06585900485515594,,,
,,,716,0.03448032587766647,,,
,,,717,0.07319720834493637,,,
,,,718,0.07259035855531693,,,
,,,719,0.07376961410045624,,,
,,,720,0.05494735389947891,,,
,,,721,0.09915380924940109,,,
,,,722,0.0428786501288414,,,
,,,723,0.07175923883914948,,,
,,,724,0.06755827367305756,,,
,,,725,0.06403019279241562,,,
,,,726,0.03223773092031479,,,
,,,727,0.05328767001628876,,,
,,,728,0.05900974199175835,,,
,,,729,0.08776833862066269,,,
,,,730,0.08301414549350739,,,
,,,731,0.039334364235401154,,,
,,,732,0.07238085567951202,,,
,,,733,0.061103593558073044,,,
,,,734,0.06949909031391144,,,
,,,735,0.06022527441382408,,,
,,,736,0.03781506046652794,,,
,,,737,0.0565827302634716,,,
,,,738,0.04881170392036438,,,
,,,739,0.08876865357160568,,,
,,,740,0.05365411192178726,,,
,,,741,0.04881666228175163,,,
,,,742,0.046233560889959335,,,
,,,743,0.050334084779024124,,,
,,,744,0.058502499014139175,,,
,,,745,0.04260750487446785,,,
,,,746,0.05543592572212219,,,
,,,747,0.08203130215406418,,,
,,,748,0.056083355098962784,,,
,,,749,0.047400880604982376,,,
,,,750,0.0886770710349083,,,
,,,751,0.0876910462975502,,,
,,,752,0.10127712041139603,,,
,,,753,0.06087411195039749,,,
,,,754,0.09352368861436844,,,
,,,755,0.07003249228000641,,,
,,,756,0.07324793189764023,,,
,,,757,0.057043954730033875,,,
,,,758,0.0749741941690445,,,
,,,759,0.0350271612405777,,,
,,,760,0.07873226702213287,,,
,,,761,0.06487639248371124,,,
,,,762,0.05028662458062172,,,
,,,763,0.04630361497402191,,,
,,,764,0.06543682515621185,,,
,,,765,0.12410078942775726,,,
,,,766,0.07532528787851334,,,
,,,767,0.06010182201862335,,,
,,,768,0.0779324322938919,,,
,,,769,0.05417877808213234,,,
,,,770,0.0528896227478981,,,
,,,771,0.04914826527237892,,,
,,,772,0.06089791655540466,,,
,,,773,0.037829332053661346,,,
,,,774,0.07579922676086426,,,
,,,775,0.051255904138088226,,,
,,,776,0.10226286202669144,,,
,,,777,0.04487711563706398,,,
,,,778,0.042750537395477295,,,
,,,779,0.036415476351976395,,,
,,,780,0.05628642439842224,,,
,,,781,0.05051419511437416,,,
,,,782,0.06473087519407272,,,
,,,783,0.06480865180492401,,,
,,,784,0.06056005507707596,,,
,,,785,0.05573393777012825,,,
,,,786,0.05091927573084831,,,
,,,787,0.048240892589092255,,,
,,,788,0.08660273253917694,,,
,,,789,0.07776876538991928,,,
,,,790,0.04646771773695946,,,
,,,791,0.06802919507026672,,,
,,,792,0.06553284823894501,,,
,,,793,0.07928280532360077,,,
,,,794,0.06048870086669922,,,
,,4,7154,,0.06483039259910583,,
,,4,7154,,,0.06745485216379166,5.828038215637207
0.07532794773578644,1.0874602794647217,5,7159,,,,
0.056801412254571915,3.2932510375976562,5,7169,,,,
0.06719557195901871,2.061844825744629,5,7179,,,,
0.041246600449085236,3.0134880542755127,5,7189,,,,
0.06849277764558792,2.9240145683288574,5,7199,,,,
0.06321979314088821,5.246471405029297,5,7209,,,,
0.09222057461738586,3.286679744720459,5,7219,,,,
0.066408172249794,4.176758766174316,5,7229,,,,
0.08524107187986374,10.560717582702637,5,7239,,,,
0.05183371156454086,8.793033599853516,5,7249,,,,
0.07767722010612488,7.023550033569336,5,7259,,,,
0.06517233699560165,7.289597034454346,5,7269,,,,
0.055195506662130356,6.726724624633789,5,7279,,,,
0.056674838066101074,12.940808296203613,5,7289,,,,
0.04421764612197876,3.26749324798584,5,7299,,,,
0.08272747695446014,11.515795707702637,5,7309,,,,
0.05149511247873306,14.390018463134766,5,7319,,,,
0.06065003201365471,0.7711030840873718,5,7329,,,,
0.07888301461935043,0.9610191583633423,5,7339,,,,
0.09064183384180069,3.7176694869995117,5,7349,,,,
0.07299090921878815,4.559720516204834,5,7359,,,,
0.07684158533811569,11.107940673828125,5,7369,,,,
0.05599876120686531,3.3299736976623535,5,7379,,,,
0.0773041620850563,1.8981564044952393,5,7389,,,,
0.059541005641222,4.660837650299072,5,7399,,,,
0.06413095444440842,2.869544267654419,5,7409,,,,
0.06801854819059372,3.504596471786499,5,7419,,,,
0.06810452789068222,2.2521536350250244,5,7429,,,,
0.07880156487226486,1.5537360906600952,5,7439,,,,
0.07020798325538635,0.8664687275886536,5,7449,,,,
0.04923238232731819,1.268632411956787,5,7459,,,,
0.05876036360859871,5.867490768432617,5,7469,,,,
0.09005992859601974,1.9993714094161987,5,7479,,,,
0.06523073464632034,2.2430825233459473,5,7489,,,,
0.05352867767214775,2.1806044578552246,5,7499,,,,
0.08975492417812347,2.2594993114471436,5,7509,,,,
0.06152115762233734,11.289652824401855,5,7519,,,,
0.04726744443178177,11.38127326965332,5,7529,,,,
0.05485646054148674,5.802520275115967,5,7539,,,,
0.05923277884721756,6.554525852203369,5,7549,,,,
0.06708171218633652,5.998023509979248,5,7559,,,,
0.07467683404684067,2.3875722885131836,5,7569,,,,
0.04080725833773613,7.666007041931152,5,7579,,,,
0.04255800321698189,5.384512901306152,5,7589,,,,
0.055925820022821426,1.8342019319534302,5,7599,,,,
0.03887823224067688,6.044919490814209,5,7609,,,,
0.09271031618118286,13.271636962890625,5,7619,,,,
0.0710233673453331,10.141097068786621,5,7629,,,,
0.049161724746227264,3.6679470539093018,5,7639,,,,
0.0519317090511322,3.0540175437927246,5,7649,,,,
0.06173420697450638,3.7653567790985107,5,7659,,,,
0.04399540275335312,13.20031452178955,5,7669,,,,
0.06062779203057289,3.4729833602905273,5,7679,,,,
0.0843113586306572,4.282627582550049,5,7689,,,,
0.05877465009689331,7.037046432495117,5,7699,,,,
0.048688918352127075,7.646243572235107,5,7709,,,,
0.06394792348146439,6.9594807624816895,5,7719,,,,
0.05122103914618492,6.113757133483887,5,7729,,,,
0.05298707261681557,3.4869725704193115,5,7739,,,,
0.08126688003540039,10.99417781829834,5,7749,,,,
0.08188150823116302,8.595954895019531,5,7759,,,,
0.07654786854982376,5.683982849121094,5,7769,,,,
0.07778558135032654,10.254549026489258,5,7779,,,,
0.05085700750350952,13.682229042053223,5,7789,,,,
0.0648709237575531,2.9637091159820557,5,7799,,,,
0.055961109697818756,4.926105976104736,5,7809,,,,
0.05147267505526543,5.750523090362549,5,7819,,,,
0.06917928159236908,0.6688597202301025,5,7829,,,,
0.08108428120613098,3.2640256881713867,5,7839,,,,
0.06139952689409256,4.79578161239624,5,7849,,,,
0.059218842536211014,0.5646804571151733,5,7859,,,,
0.059552520513534546,2.059596300125122,5,7869,,,,
0.07063136994838715,1.434009075164795,5,7879,,,,
0.06683052331209183,2.73262619972229,5,7889,,,,
0.09265121072530746,0.7942579388618469,5,7899,,,,
0.049453020095825195,7.691795349121094,5,7909,,,,
0.08129709959030151,1.940970778465271,5,7919,,,,
0.0789235457777977,1.3233622312545776,5,7929,,,,
0.04494604840874672,1.7605221271514893,5,7939,,,,
0.04949945583939552,3.069931983947754,5,7949,,,,
0.05286457762122154,4.532187461853027,5,7959,,,,
0.04343195632100105,4.031561851501465,5,7969,,,,
0.03766854852437973,3.7794835567474365,5,7979,,,,
0.056301992386579514,2.8715574741363525,5,7989,,,,
0.060077812522649765,8.185467720031738,5,7999,,,,
0.03595780208706856,8.013374328613281,5,8009,,,,
0.05029623210430145,5.446296215057373,5,8019,,,,
0.06974542886018753,2.012634038925171,5,8029,,,,
0.06207793205976486,5.7877373695373535,5,8039,,,,
0.07941991090774536,8.755380630493164,5,8049,,,,
0.08389503508806229,3.647825002670288,5,8059,,,,
0.0628364086151123,1.8402979373931885,5,8069,,,,
0.10009791702032089,5.68719482421875,5,8079,,,,
0.0477142333984375,4.374582767486572,5,8089,,,,
0.05683925747871399,2.8608434200286865,5,8099,,,,
0.06708882004022598,1.287806749343872,5,8109,,,,
0.0743807926774025,3.839094877243042,5,8119,,,,
0.08856919407844543,2.012854814529419,5,8129,,,,
0.05595570430159569,12.589082717895508,5,8139,,,,
0.06651092320680618,7.470992088317871,5,8149,,,,
0.041319917887449265,2.3853161334991455,5,8159,,,,
0.086617611348629,1.2640159130096436,5,8169,,,,
0.05916877090930939,7.368009090423584,5,8179,,,,
0.08591014891862869,3.86480712890625,5,8189,,,,
0.05602829530835152,1.2793153524398804,5,8199,,,,
0.09356864541769028,4.433023452758789,5,8209,,,,
0.07825373113155365,3.8691136837005615,5,8219,,,,
0.0608878955245018,4.631175518035889,5,8229,,,,
0.0637374073266983,6.445558071136475,5,8239,,,,
0.06981393694877625,5.5918145179748535,5,8249,,,,
0.070823535323143,5.260059356689453,5,8259,,,,
0.0632195994257927,5.3236541748046875,5,8269,,,,
0.04669073969125748,12.174192428588867,5,8279,,,,
0.049632567912340164,7.849347114562988,5,8289,,,,
0.07260733097791672,6.896548748016357,5,8299,,,,
0.049173031002283096,1.208484172821045,5,8309,,,,
0.07095885276794434,3.6277472972869873,5,8319,,,,
0.061243485659360886,1.6345055103302002,5,8329,,,,
0.056909214705228806,1.9097180366516113,5,8339,,,,
0.06965212523937225,3.7011265754699707,5,8349,,,,
0.0785587728023529,8.805551528930664,5,8359,,,,
0.0725012719631195,1.6084102392196655,5,8369,,,,
0.04965713620185852,15.833666801452637,5,8379,,,,
0.07011611759662628,6.089939117431641,5,8389,,,,
0.0721326470375061,8.94616985321045,5,8399,,,,
0.05388602241873741,1.2042485475540161,5,8409,,,,
0.06140634045004845,8.696332931518555,5,8419,,,,
0.09044650942087173,12.038630485534668,5,8429,,,,
0.07551141083240509,7.872769832611084,5,8439,,,,
0.06831061094999313,3.715893030166626,5,8449,,,,
0.04943467304110527,3.4763224124908447,5,8459,,,,
0.05030086636543274,12.000377655029297,5,8469,,,,
0.04644327610731125,1.869152545928955,5,8479,,,,
0.05483078956604004,7.7199320793151855,5,8489,,,,
0.09321248531341553,10.118219375610352,5,8499,,,,
0.06739795953035355,6.8500847816467285,5,8509,,,,
0.04418938606977463,7.351726531982422,5,8519,,,,
0.0700279176235199,6.483636856079102,5,8529,,,,
0.0653742104768753,1.6282860040664673,5,8539,,,,
0.08236177265644073,4.709640026092529,5,8549,,,,
0.07391366362571716,4.21224308013916,5,8559,,,,
0.03717557713389397,1.1113406419754028,5,8569,,,,
0.08546900004148483,1.1033631563186646,5,8579,,,,
,,,795,0.05767679214477539,,,
,,,796,0.04865588620305061,,,
,,,797,0.043209172785282135,,,
,,,798,0.04743416607379913,,,
,,,799,0.06021500006318092,,,
,,,800,0.10143839567899704,,,
,,,801,0.062356725335121155,,,
,,,802,0.06047194078564644,,,
,,,803,0.05784037336707115,,,
,,,804,0.061424482613801956,,,
,,,805,0.05803508684039116,,,
,,,806,0.055285144597291946,,,
,,,807,0.06312225759029388,,,
,,,808,0.08855905383825302,,,
,,,809,0.05667810142040253,,,
,,,810,0.05435711145401001,,,
,,,811,0.0405755341053009,,,
,,,812,0.09541474282741547,,,
,,,813,0.06623620539903641,,,
,,,814,0.08363843709230423,,,
,,,815,0.05796172469854355,,,
,,,816,0.07754531502723694,,,
,,,817,0.06924803555011749,,,
,,,818,0.04089536890387535,,,
,,,819,0.06095700338482857,,,
,,,820,0.08633576333522797,,,
,,,821,0.08344175666570663,,,
,,,822,0.06586921960115433,,,
,,,823,0.03961772471666336,,,
,,,824,0.0402393564581871,,,
,,,825,0.04866460710763931,,,
,,,826,0.06621824949979782,,,
,,,827,0.04159221053123474,,,
,,,828,0.06123960763216019,,,
,,,829,0.04820414260029793,,,
,,,830,0.051924966275691986,,,
,,,831,0.06031879037618637,,,
,,,832,0.04781793802976608,,,
,,,833,0.052706003189086914,,,
,,,834,0.05895405635237694,,,
,,,835,0.047147009521722794,,,
,,,836,0.03651179000735283,,,
,,,837,0.0651460736989975,,,
,,,838,0.062328267842531204,,,
,,,839,0.1194034293293953,,,
,,,840,0.08215849846601486,,,
,,,841,0.04464307799935341,,,
,,,842,0.07612134516239166,,,
,,,843,0.056239157915115356,,,
,,,844,0.07733514159917831,,,
,,,845,0.07446867972612381,,,
,,,846,0.059448156505823135,,,
,,,847,0.05237826332449913,,,
,,,848,0.05876533314585686,,,
,,,849,0.0938720852136612,,,
,,,850,0.0645730197429657,,,
,,,851,0.08117664605379105,,,
,,,852,0.06748510152101517,,,
,,,853,0.07024654746055603,,,
,,,854,0.08411704003810883,,,
,,,855,0.05538900941610336,,,
,,,856,0.06515344232320786,,,
,,,857,0.07761286199092865,,,
,,,858,0.06157946586608887,,,
,,,859,0.08325984328985214,,,
,,,860,0.07665647566318512,,,
,,,861,0.06547451764345169,,,
,,,862,0.05801023170351982,,,
,,,863,0.1055089682340622,,,
,,,864,0.06448094546794891,,,
,,,865,0.06946346908807755,,,
,,,866,0.06633878499269485,,,
,,,867,0.09434054046869278,,,
,,,868,0.0781000480055809,,,
,,,869,0.0659172311425209,,,
,,,870,0.0833747461438179,,,
,,,871,0.0652444139122963,,,
,,,872,0.036142125725746155,,,
,,,873,0.0629425197839737,,,
,,,874,0.07291640341281891,,,
,,,875,0.0328952819108963,,,
,,,876,0.04838772863149643,,,
,,,877,0.10338012129068375,,,
,,,878,0.07266083359718323,,,
,,,879,0.08166002482175827,,,
,,,880,0.04795745015144348,,,
,,,881,0.05552497133612633,,,
,,,882,0.05501030758023262,,,
,,,883,0.07485201209783554,,,
,,,884,0.04098828136920929,,,
,,,885,0.037101566791534424,,,
,,,886,0.07965531945228577,,,
,,,887,0.0673389881849289,,,
,,,888,0.05804784595966339,,,
,,,889,0.07089515775442123,,,
,,,890,0.05490127578377724,,,
,,,891,0.03810971975326538,,,
,,,892,0.049226731061935425,,,
,,,893,0.054119501262903214,,,
,,,894,0.0628325492143631,,,
,,,895,0.04515472799539566,,,
,,,896,0.044905323535203934,,,
,,,897,0.06261927634477615,,,
,,,898,0.07201452553272247,,,
,,,899,0.055793147534132004,,,
,,,900,0.07801879942417145,,,
,,,901,0.0431692861020565,,,
,,,902,0.05456298962235451,,,
,,,903,0.05125618726015091,,,
,,,904,0.037800755351781845,,,
,,,905,0.08411549031734467,,,
,,,906,0.06424684822559357,,,
,,,907,0.04870946332812309,,,
,,,908,0.10681360214948654,,,
,,,909,0.06253749132156372,,,
,,,910,0.07423282414674759,,,
,,,911,0.04389965906739235,,,
,,,912,0.04066869243979454,,,
,,,913,0.08026424050331116,,,
,,,914,0.041055116802453995,,,
,,,915,0.06063660979270935,,,
,,,916,0.06925740838050842,,,
,,,917,0.053275153040885925,,,
,,,918,0.06144721060991287,,,
,,,919,0.08436373621225357,,,
,,,920,0.0815906822681427,,,
,,,921,0.06699234992265701,,,
,,,922,0.06438405066728592,,,
,,,923,0.08914661407470703,,,
,,,924,0.057147763669490814,,,
,,,925,0.04486006870865822,,,
,,,926,0.07581757754087448,,,
,,,927,0.07060720026493073,,,
,,,928,0.07228400558233261,,,
,,,929,0.07201440632343292,,,
,,,930,0.07038407027721405,,,
,,,931,0.05134834349155426,,,
,,,932,0.05628948658704758,,,
,,,933,0.03469155728816986,,,
,,,934,0.09056191891431808,,,
,,,935,0.09813801199197769,,,
,,,936,0.0983664020895958,,,
,,,937,0.05984310060739517,,,
,,,938,0.046957895159721375,,,
,,,939,0.06664666533470154,,,
,,,940,0.07271632552146912,,,
,,,941,0.06851977854967117,,,
,,,942,0.06798511743545532,,,
,,,943,0.047069136053323746,,,
,,,944,0.09919166564941406,,,
,,,945,0.06706313043832779,,,
,,,946,0.055470872670412064,,,
,,,947,0.05795023962855339,,,
,,,948,0.0695870891213417,,,
,,,949,0.040665000677108765,,,
,,,950,0.043045032769441605,,,
,,,951,0.03920764848589897,,,
,,,952,0.04503980651497841,,,
,,,953,0.10061240196228027,,,
,,5,8585,,0.06385160982608795,,
,,5,8585,,,0.06580668687820435,5.088904857635498
0.0638185441493988,2.13311505317688,6,8589,,,,
0.05406373366713524,3.1817784309387207,6,8599,,,,
0.051490720361471176,6.389917373657227,6,8609,,,,
0.05730872601270676,10.15005111694336,6,8619,,,,
0.046474747359752655,8.90137004852295,6,8629,,,,
0.06199043616652489,3.8511712551116943,6,8639,,,,
0.055399008095264435,5.270559310913086,6,8649,,,,
0.06975248456001282,10.165945053100586,6,8659,,,,
0.059509847313165665,7.349867820739746,6,8669,,,,
0.06922303140163422,1.6657546758651733,6,8679,,,,
0.05415954813361168,6.255218982696533,6,8689,,,,
0.07805508375167847,10.269197463989258,6,8699,,,,
0.06709832698106766,3.5516223907470703,6,8709,,,,
0.04163014516234398,6.994594573974609,6,8719,,,,
0.07674252986907959,0.8939233422279358,6,8729,,,,
0.07245181500911713,4.056251049041748,6,8739,,,,
0.08068910241127014,5.949930191040039,6,8749,,,,
0.053249046206474304,5.609353542327881,6,8759,,,,
0.06503976136445999,1.087774395942688,6,8769,,,,
0.05329757183790207,4.897014617919922,6,8779,,,,
0.06547591090202332,0.7678490281105042,6,8789,,,,
0.06181388348340988,4.807681560516357,6,8799,,,,
0.050381988286972046,12.737760543823242,6,8809,,,,
0.06825955957174301,2.460541248321533,6,8819,,,,
0.06890072673559189,11.87671184539795,6,8829,,,,
0.062195029109716415,4.8989152908325195,6,8839,,,,
0.06709316372871399,8.217103958129883,6,8849,,,,
0.08065482974052429,3.016266345977783,6,8859,,,,
0.0588848739862442,3.7472126483917236,6,8869,,,,
0.04472137987613678,1.34196138381958,6,8879,,,,
0.05665093660354614,6.598731994628906,6,8889,,,,
0.05123541131615639,9.9226655960083,6,8899,,,,
0.06522901356220245,11.915523529052734,6,8909,,,,
0.041769251227378845,9.483272552490234,6,8919,,,,
0.0472048781812191,6.682631969451904,6,8929,,,,
0.058335959911346436,7.467266082763672,6,8939,,,,
0.07824079692363739,5.56815242767334,6,8949,,,,
0.0826338604092598,6.665077209472656,6,8959,,,,
0.05039551109075546,5.378910541534424,6,8969,,,,
0.04993525519967079,14.363475799560547,6,8979,,,,
0.057169366627931595,12.735441207885742,6,8989,,,,
0.05172143876552582,4.388888359069824,6,8999,,,,
0.08337137848138809,9.065282821655273,6,9009,,,,
0.07190892100334167,4.3114213943481445,6,9019,,,,
0.056227099150419235,5.049781322479248,6,9029,,,,
0.1084633320569992,1.9660483598709106,6,9039,,,,
0.04641278088092804,4.799718379974365,6,9049,,,,
0.06051560118794441,1.1207624673843384,6,9059,,,,
0.06368868798017502,1.9453526735305786,6,9069,,,,
0.06940872967243195,4.243274688720703,6,9079,,,,
0.048966746777296066,3.1682639122009277,6,9089,,,,
0.04596525803208351,8.131044387817383,6,9099,,,,
0.056796107441186905,12.847505569458008,6,9109,,,,
0.06854569911956787,12.134537696838379,6,9119,,,,
0.048107754439115524,4.854532718658447,6,9129,,,,
0.041594162583351135,13.15853214263916,6,9139,,,,
0.050838954746723175,18.758241653442383,6,9149,,,,
0.047955889254808426,12.996077537536621,6,9159,,,,
0.06310632824897766,9.151555061340332,6,9169,,,,
0.05631130561232567,3.8026740550994873,6,9179,,,,
0.047644831240177155,2.0282509326934814,6,9189,,,,
0.05656785890460014,2.586632490158081,6,9199,,,,
0.06734481453895569,1.597463607788086,6,9209,,,,
0.05225861817598343,3.4626591205596924,6,9219,,,,
0.06769710779190063,5.307849884033203,6,9229,,,,
0.053221169859170914,4.482210159301758,6,9239,,,,
0.07438015192747116,2.348332166671753,6,9249,,,,
0.04425985366106033,3.10046124458313,6,9259,,,,
0.07876268029212952,1.1465387344360352,6,9269,,,,
0.04446714371442795,8.637357711791992,6,9279,,,,
0.049330372363328934,11.407800674438477,6,9289,,,,
0.08029782772064209,13.713067054748535,6,9299,,,,
0.0744190365076065,13.153559684753418,6,9309,,,,
0.07198815047740936,12.889605522155762,6,9319,,,,
0.06579461693763733,10.73727798461914,6,9329,,,,
0.05391556769609451,12.708352088928223,6,9339,,,,
0.07018344104290009,8.853699684143066,6,9349,,,,
0.07850342988967896,3.2443528175354004,6,9359,,,,
0.04728340357542038,4.557250499725342,6,9369,,,,
0.0502132773399353,0.6426995992660522,6,9379,,,,
0.06745630502700806,2.480325698852539,6,9389,,,,
0.06152324378490448,5.284608364105225,6,9399,,,,
0.053161442279815674,15.333013534545898,6,9409,,,,
0.07044021040201187,14.073866844177246,6,9419,,,,
0.0746181532740593,15.869930267333984,6,9429,,,,
0.06456614285707474,13.038830757141113,6,9439,,,,
0.05021953582763672,9.218960762023926,6,9449,,,,
0.10126456618309021,6.57147741317749,6,9459,,,,
0.05852629989385605,0.6219879388809204,6,9469,,,,
0.07775730639696121,10.512848854064941,6,9479,,,,
0.09126681089401245,10.47686767578125,6,9489,,,,
0.0542658194899559,4.613684177398682,6,9499,,,,
0.05126078426837921,2.5493252277374268,6,9509,,,,
0.041444286704063416,9.581238746643066,6,9519,,,,
0.07974293828010559,5.841041088104248,6,9529,,,,
0.05522517114877701,5.191805839538574,6,9539,,,,
0.07297185808420181,7.01211404800415,6,9549,,,,
0.09131142497062683,10.635863304138184,6,9559,,,,
0.08065468072891235,7.996923923492432,6,9569,,,,
0.05759729817509651,9.353290557861328,6,9579,,,,
0.05529135838150978,3.596616506576538,6,9589,,,,
0.08005206286907196,1.8575204610824585,6,9599,,,,
0.08027508854866028,0.5064836144447327,6,9609,,,,
0.0643223226070404,3.2945332527160645,6,9619,,,,
0.06575965881347656,2.116260051727295,6,9629,,,,
0.08211841434240341,0.5244009494781494,6,9639,,,,
0.06391999125480652,11.031454086303711,6,9649,,,,
0.048884812742471695,6.434785842895508,6,9659,,,,
0.057197246700525284,5.119594097137451,6,9669,,,,
0.07331071048974991,12.403606414794922,6,9679,,,,
0.06120765581727028,2.0430562496185303,6,9689,,,,
0.07761292159557343,7.0534138679504395,6,9699,,,,
0.07180889695882797,2.5981335639953613,6,9709,,,,
0.058440376073122025,4.875355243682861,6,9719,,,,
0.0786280706524849,12.662800788879395,6,9729,,,,
0.06097671017050743,14.369529724121094,6,9739,,,,
0.05366047844290733,9.42098617553711,6,9749,,,,
0.056778110563755035,12.320910453796387,6,9759,,,,
0.09380369633436203,3.407322645187378,6,9769,,,,
0.04597943276166916,2.2324423789978027,6,9779,,,,
0.12715081870555878,0.7265216112136841,6,9789,,,,
0.09395957738161087,3.4522550106048584,6,9799,,,,
0.06131528690457344,0.798603892326355,6,9809,,,,
0.05431763082742691,2.1040303707122803,6,9819,,,,
0.06809058785438538,2.1665778160095215,6,9829,,,,
0.06506077945232391,3.3266196250915527,6,9839,,,,
0.06307896226644516,8.071931838989258,6,9849,,,,
0.08461879193782806,6.098784923553467,6,9859,,,,
0.0494295097887516,10.536866188049316,6,9869,,,,
0.057276900857686996,4.458670616149902,6,9879,,,,
0.06341744214296341,5.843425750732422,6,9889,,,,
0.04555618762969971,5.365047931671143,6,9899,,,,
0.07553590834140778,2.928413152694702,6,9909,,,,
0.04001999273896217,2.3178040981292725,6,9919,,,,
0.08566640317440033,8.398858070373535,6,9929,,,,
0.06899216771125793,1.319741129875183,6,9939,,,,
0.07485207915306091,1.5865049362182617,6,9949,,,,
0.06336215883493423,2.3293557167053223,6,9959,,,,
0.06363581866025925,10.411170959472656,6,9969,,,,
0.06043528392910957,9.905889511108398,6,9979,,,,
0.049111004918813705,5.1430253982543945,6,9989,,,,
0.059743475168943405,5.419020652770996,6,9999,,,,
0.10985273122787476,3.2481513023376465,6,10009,,,,
,,,954,0.08444178104400635,,,
,,,955,0.04053410887718201,,,
,,,956,0.05229799821972847,,,
,,,957,0.05358526483178139,,,
,,,958,0.07403021305799484,,,
,,,959,0.05290761962532997,,,
,,,960,0.062078528106212616,,,
,,,961,0.0729646310210228,,,
,,,962,0.061345092952251434,,,
,,,963,0.04902772605419159,,,
,,,964,0.0632442981004715,,,
,,,965,0.056272611021995544,,,
,,,966,0.08148197829723358,,,
,,,967,0.06188294291496277,,,
,,,968,0.060434769839048386,,,
,,,969,0.05756136029958725,,,
,,,970,0.06646165996789932,,,
,,,971,0.08733969181776047,,,
,,,972,0.07736601680517197,,,
,,,973,0.06054018810391426,,,
,,,974,0.04643997550010681,,,
,,,975,0.04806995391845703,,,
,,,976,0.06664948165416718,,,
,,,977,0.04733237996697426,,,
,,,978,0.06901641190052032,,,
,,,979,0.05844525992870331,,,
,,,980,0.06507918238639832,,,
,,,981,0.07512980699539185,,,
,,,982,0.053468894213438034,,,
,,,983,0.06932143867015839,,,
,,,984,0.043438926339149475,,,
,,,985,0.06382865458726883,,,
,,,986,0.046888548880815506,,,
,,,987,0.05209876224398613,,,
,,,988,0.05536140128970146,,,
,,,989,0.04249689355492592,,,
,,,990,0.08726157248020172,,,
,,,991,0.04571983590722084,,,
,,,992,0.041880931705236435,,,
,,,993,0.07052809000015259,,,
,,,994,0.03507654741406441,,,
,,,995,0.03873922675848007,,,
,,,996,0.08145436644554138,,,
,,,997,0.05626656860113144,,,
,,,998,0.08036291599273682,,,
,,,999,0.06497476994991302,,,
,,,1000,0.06829332560300827,,,
,,,1001,0.07435239851474762,,,
,,,1002,0.05840156972408295,,,
,,,1003,0.08179089426994324,,,
,,,1004,0.0797630101442337,,,
,,,1005,0.059062179177999496,,,
,,,1006,0.057235561311244965,,,
,,,1007,0.061140015721321106,,,
,,,1008,0.06471828371286392,,,
,,,1009,0.044782329350709915,,,
,,,1010,0.047232721000909805,,,
,,,1011,0.054845456033945084,,,
,,,1012,0.04681955650448799,,,
,,,1013,0.0796825960278511,,,
,,,1014,0.051531560719013214,,,
,,,1015,0.06802960485219955,,,
,,,1016,0.1255933940410614,,,
,,,1017,0.08429543673992157,,,
,,,1018,0.05822278559207916,,,
,,,1019,0.07472766935825348,,,
,,,1020,0.057447925209999084,,,
,,,1021,0.06850048899650574,,,
,,,1022,0.05194362998008728,,,
,,,1023,0.06985887885093689,,,
,,,1024,0.05142655596137047,,,
,,,1025,0.06424898654222488,,,
,,,1026,0.05751308798789978,,,
,,,1027,0.06415008753538132,,,
,,,1028,0.08837372809648514,,,
,,,1029,0.04372309893369675,,,
,,,1030,0.07583177089691162,,,
,,,1031,0.05314870551228523,,,
,,,1032,0.08407925814390182,,,
,,,1033,0.043443463742733,,,
,,,1034,0.03076491877436638,,,
,,,1035,0.039634671062231064,,,
,,,1036,0.050237491726875305,,,
,,,1037,0.07460188120603561,,,
,,,1038,0.03780515119433403,,,
,,,1039,0.028502333909273148,,,
,,,1040,0.08346409350633621,,,
,,,1041,0.046219002455472946,,,
,,,1042,0.08132345974445343,,,
,,,1043,0.06813961267471313,,,
,,,1044,0.0547138936817646,,,
,,,1045,0.06835707277059555,,,
,,,1046,0.04311824217438698,,,
,,,1047,0.06858517974615097,,,
,,,1048,0.054015275090932846,,,
,,,1049,0.06292048841714859,,,
,,,1050,0.04630950093269348,,,
,,,1051,0.03940799459815025,,,
,,,1052,0.04808510094881058,,,
,,,1053,0.07836184650659561,,,
,,,1054,0.08847468346357346,,,
,,,1055,0.04585487022995949,,,
,,,1056,0.04113348573446274,,,
,,,1057,0.0870300680398941,,,
,,,1058,0.05314839631319046,,,
,,,1059,0.06382936984300613,,,
,,,1060,0.044065240770578384,,,
,,,1061,0.04097619280219078,,,
,,,1062,0.04947894811630249,,,
,,,1063,0.05006080120801926,,,
,,,1064,0.05282050371170044,,,
,,,1065,0.052485350519418716,,,
,,,1066,0.0612867996096611,,,
,,,1067,0.07317465543746948,,,
,,,1068,0.05892280116677284,,,
,,,1069,0.051964789628982544,,,
,,,1070,0.060660481452941895,,,
,,,1071,0.073792465031147,,,
,,,1072,0.08589302748441696,,,
,,,1073,0.06871557235717773,,,
,,,1074,0.06318891793489456,,,
,,,1075,0.06794072687625885,,,
,,,1076,0.08663070946931839,,,
,,,1077,0.060744013637304306,,,
,,,1078,0.06620018929243088,,,
,,,1079,0.05973958224058151,,,
,,,1080,0.04684334993362427,,,
,,,1081,0.049231670796871185,,,
,,,1082,0.06080125644803047,,,
,,,1083,0.04123855009675026,,,
,,,1084,0.07534167170524597,,,
,,,1085,0.08359699696302414,,,
,,,1086,0.12359710782766342,,,
,,,1087,0.056198012083768845,,,
,,,1088,0.0497247539460659,,,
,,,1089,0.0647292286157608,,,
,,,1090,0.06873824447393417,,,
,,,1091,0.05531282722949982,,,
,,,1092,0.06392929702997208,,,
,,,1093,0.06528989225625992,,,
,,,1094,0.07026741653680801,,,
,,,1095,0.07767683267593384,,,
,,,1096,0.04784097522497177,,,
,,,1097,0.07333450764417648,,,
,,,1098,0.050886183977127075,,,
,,,1099,0.062160637229681015,,,
,,,1100,0.07859444618225098,,,
,,,1101,0.05645056441426277,,,
,,,1102,0.04772055894136429,,,
,,,1103,0.0649743527173996,,,
,,,1104,0.028307506814599037,,,
,,,1105,0.0578681044280529,,,
,,,1106,0.06929823756217957,,,
,,,1107,0.07086236029863358,,,
,,,1108,0.07419417798519135,,,
,,,1109,0.057204630225896835,,,
,,,1110,0.05782515928149223,,,
,,,1111,0.05345742031931877,,,
,,,1112,0.0649639144539833,,,
,,6,10016,,0.061487942934036255,,
,,6,10016,,,0.06419898569583893,6.044646263122559
0.056904323399066925,5.442680835723877,7,10019,,,,
0.04230470582842827,4.05930233001709,7,10029,,,,
0.05750260129570961,2.131521224975586,7,10039,,,,
0.08255600184202194,4.190456867218018,7,10049,,,,
0.062169987708330154,1.4675172567367554,7,10059,,,,
0.04329594224691391,1.5076336860656738,7,10069,,,,
0.06745661050081253,1.2678409814834595,7,10079,,,,
0.05814969912171364,5.014111518859863,7,10089,,,,
0.049467019736766815,13.062313079833984,7,10099,,,,
0.05059562623500824,17.23816680908203,7,10109,,,,
0.053932055830955505,18.91567039489746,7,10119,,,,
0.07196971029043198,10.662501335144043,7,10129,,,,
0.0700063556432724,7.464197158813477,7,10139,,,,
0.09368922561407089,3.337080717086792,7,10149,,,,
0.07671015709638596,7.049455642700195,7,10159,,,,
0.10438375920057297,14.054120063781738,7,10169,,,,
0.06061224639415741,13.21959400177002,7,10179,,,,
0.06676001846790314,15.532241821289062,7,10189,,,,
0.09608511626720428,19.724916458129883,7,10199,,,,
0.064850814640522,14.992389678955078,7,10209,,,,
0.06763601303100586,15.864298820495605,7,10219,,,,
0.0595053993165493,3.900493860244751,7,10229,,,,
0.06551939994096756,1.6185612678527832,7,10239,,,,
0.066332146525383,10.504997253417969,7,10249,,,,
0.06063458323478699,2.894890308380127,7,10259,,,,
0.0671774297952652,7.300999164581299,7,10269,,,,
0.07476826757192612,2.8744144439697266,7,10279,,,,
0.0673421323299408,3.8933370113372803,7,10289,,,,
0.06620238721370697,3.7101540565490723,7,10299,,,,
0.0675966888666153,1.5915299654006958,7,10309,,,,
0.059345368295907974,0.30006512999534607,7,10319,,,,
0.08047395199537277,3.6707541942596436,7,10329,,,,
0.08477248251438141,1.9366580247879028,7,10339,,,,
0.07757768034934998,7.306249618530273,7,10349,,,,
0.06679895520210266,7.147744178771973,7,10359,,,,
0.05258655548095703,6.441001892089844,7,10369,,,,
0.09048406779766083,2.092630386352539,7,10379,,,,
0.10267256200313568,3.3101842403411865,7,10389,,,,
0.056629132479429245,1.162931203842163,7,10399,,,,
0.059698060154914856,11.905911445617676,7,10409,,,,
0.04997038468718529,2.020357131958008,7,10419,,,,
0.07695601880550385,3.434523105621338,7,10429,,,,
0.06499911844730377,2.6390509605407715,7,10439,,,,
0.09715674817562103,3.7403130531311035,7,10449,,,,
0.08026550710201263,1.532670497894287,7,10459,,,,
0.0704815462231636,13.484766960144043,7,10469,,,,
0.0790097564458847,3.7535459995269775,7,10479,,,,
0.048055682331323624,10.663328170776367,7,10489,,,,
0.07743217796087265,0.4966823160648346,7,10499,,,,
0.05969831347465515,2.6517810821533203,7,10509,,,,
0.05475800111889839,2.3541109561920166,7,10519,,,,
0.04312516376376152,8.394939422607422,7,10529,,,,
0.053928595036268234,11.50195598602295,7,10539,,,,
0.07103542983531952,8.166207313537598,7,10549,,,,
0.07769378274679184,7.682217121124268,7,10559,,,,
0.05745711550116539,1.6846915483474731,7,10569,,,,
0.10450487583875656,2.6976661682128906,7,10579,,,,
0.07418525964021683,1.4001214504241943,7,10589,,,,
0.07492462545633316,2.6538314819335938,7,10599,,,,
0.05837981775403023,3.329806327819824,7,10609,,,,
0.04574543237686157,4.361512660980225,7,10619,,,,
0.0635882094502449,5.769688129425049,7,10629,,,,
0.08273058384656906,8.274535179138184,7,10639,,,,
0.05634944885969162,4.6544599533081055,7,10649,,,,
0.05484284833073616,1.1836414337158203,7,10659,,,,
0.059642691165208817,1.7095439434051514,7,10669,,,,
0.04799961298704147,3.9377872943878174,7,10679,,,,
0.07503551244735718,0.8488051295280457,7,10689,,,,
0.052168071269989014,1.3557796478271484,7,10699,,,,
0.07721073925495148,2.9529950618743896,7,10709,,,,
0.04919317364692688,4.091580867767334,7,10719,,,,
0.06110258772969246,1.969740629196167,7,10729,,,,
0.09078799933195114,7.2680230140686035,7,10739,,,,
0.06619913130998611,11.093926429748535,7,10749,,,,
0.06238981708884239,3.4367032051086426,7,10759,,,,
0.0596625991165638,6.235533714294434,7,10769,,,,
0.05471009016036987,1.5766392946243286,7,10779,,,,
0.0703267753124237,4.2613067626953125,7,10789,,,,
0.07719579339027405,1.8658920526504517,7,10799,,,,
0.047319263219833374,3.0966579914093018,7,10809,,,,
0.07551803439855576,4.680591583251953,7,10819,,,,
0.05588472634553909,4.694740295410156,7,10829,,,,
0.07747571915388107,2.4506118297576904,7,10839,,,,
0.058530330657958984,4.297164440155029,7,10849,,,,
0.04866931959986687,10.261273384094238,7,10859,,,,
0.0967475026845932,3.0335094928741455,7,10869,,,,
0.07242131978273392,3.9613776206970215,7,10879,,,,
0.03241826593875885,5.310248374938965,7,10889,,,,
0.0494287833571434,10.893926620483398,7,10899,,,,
0.05169706046581268,8.886959075927734,7,10909,,,,
0.047479987144470215,3.605631113052368,7,10919,,,,
0.07990793138742447,7.915081024169922,7,10929,,,,
0.06692582368850708,11.727916717529297,7,10939,,,,
0.04100397974252701,8.71245002746582,7,10949,,,,
0.038587797433137894,12.021186828613281,7,10959,,,,
0.0766642764210701,2.609119415283203,7,10969,,,,
0.045619938522577286,9.3626070022583,7,10979,,,,
0.06280602514743805,6.1178975105285645,7,10989,,,,
0.062238771468400955,1.143127202987671,7,10999,,,,
0.06257811933755875,3.9297916889190674,7,11009,,,,
0.1379057615995407,4.180925369262695,7,11019,,,,
0.06220625713467598,3.873420000076294,7,11029,,,,
0.05715843662619591,1.6250088214874268,7,11039,,,,
0.06721547991037369,4.379980564117432,7,11049,,,,
0.034765083342790604,6.8317718505859375,7,11059,,,,
0.05073779821395874,9.787757873535156,7,11069,,,,
0.06875434517860413,14.325272560119629,7,11079,,,,
0.05409054458141327,5.683418273925781,7,11089,,,,
0.0680178627371788,5.611835479736328,7,11099,,,,
0.06233219802379608,1.7448960542678833,7,11109,,,,
0.042425043880939484,2.7804782390594482,7,11119,,,,
0.06266175955533981,3.2903382778167725,7,11129,,,,
0.03771253302693367,6.661530017852783,7,11139,,,,
0.07202668488025665,0.9241521954536438,7,11149,,,,
0.05556485801935196,3.7343060970306396,7,11159,,,,
0.06557925045490265,3.904170274734497,7,11169,,,,
0.051148660480976105,2.7879528999328613,7,11179,,,,
0.058728039264678955,8.272727966308594,7,11189,,,,
0.05387597531080246,4.080104827880859,7,11199,,,,
0.04956347122788429,3.024972677230835,7,11209,,,,
0.06992875039577484,0.6788944602012634,7,11219,,,,
0.06409766525030136,0.5060838460922241,7,11229,,,,
0.04104341194033623,3.6443066596984863,7,11239,,,,
0.08784615993499756,0.5591446161270142,7,11249,,,,
0.0622265450656414,4.966793537139893,7,11259,,,,
0.06053359434008598,0.6273383498191833,7,11269,,,,
0.049230847507715225,3.381173849105835,7,11279,,,,
0.0699295848608017,7.3867573738098145,7,11289,,,,
0.06783156096935272,8.766030311584473,7,11299,,,,
0.09500447660684586,4.1431145668029785,7,11309,,,,
0.03784062713384628,13.562455177307129,7,11319,,,,
0.055065419524908066,2.797285795211792,7,11329,,,,
0.05114395171403885,6.69701623916626,7,11339,,,,
0.046197522431612015,8.86546802520752,7,11349,,,,
0.08059146255254745,3.938661575317383,7,11359,,,,
0.06517831236124039,1.8020559549331665,7,11369,,,,
0.0797104611992836,2.30633282661438,7,11379,,,,
0.057002875953912735,5.167065143585205,7,11389,,,,
0.09200815856456757,1.939036250114441,7,11399,,,,
0.049064088612794876,9.339898109436035,7,11409,,,,
0.05381453409790993,2.804072141647339,7,11419,,,,
0.06671706587076187,3.1568405628204346,7,11429,,,,
0.08124297112226486,1.79055655002594,7,11439,,,,
,,,1113,0.0960475504398346,,,
,,,1114,0.0829629898071289,,,
,,,1115,0.09216658771038055,,,
,,,1116,0.07244855165481567,,,
,,,1117,0.02995414286851883,,,
,,,1118,0.052077505737543106,,,
,,,1119,0.0470958836376667,,,
,,,1120,0.05793425813317299,,,
,,,1121,0.07249186187982559,,,
,,,1122,0.052980758249759674,,,
,,,1123,0.06112978607416153,,,
,,,1124,0.04281088337302208,,,
,,,1125,0.052913326770067215,,,
,,,1126,0.050672173500061035,,,
,,,1127,0.04912376403808594,,,
,,,1128,0.06158142164349556,,,
,,,1129,0.07418069243431091,,,
,,,1130,0.0711408406496048,,,
,,,1131,0.11366395652294159,,,
,,,1132,0.04739265888929367,,,
,,,1133,0.048799075186252594,,,
,,,1134,0.054514333605766296,,,
,,,1135,0.07883577048778534,,,
,,,1136,0.051778268069028854,,,
,,,1137,0.10306348651647568,,,
,,,1138,0.06410941481590271,,,
,,,1139,0.0635441243648529,,,
,,,1140,0.0746716782450676,,,
,,,1141,0.062046412378549576,,,
,,,1142,0.04947303980588913,,,
,,,1143,0.07278097420930862,,,
,,,1144,0.04926110804080963,,,
,,,1145,0.06466590613126755,,,
,,,1146,0.06909438967704773,,,
,,,1147,0.05449257045984268,,,
,,,1148,0.052782848477363586,,,
,,,1149,0.053104087710380554,,,
,,,1150,0.0652252584695816,,,
,,,1151,0.08759855479001999,,,
,,,1152,0.03572387620806694,,,
,,,1153,0.0458349771797657,,,
,,,1154,0.05715059116482735,,,
,,,1155,0.07918538898229599,,,
,,,1156,0.06074412912130356,,,
,,,1157,0.0983773022890091,,,
,,,1158,0.06610827147960663,,,
,,,1159,0.07088301330804825,,,
,,,1160,0.0753227174282074,,,
,,,1161,0.05831601470708847,,,
,,,1162,0.06583978980779648,,,
,,,1163,0.07390283048152924,,,
,,,1164,0.057663239538669586,,,
,,,1165,0.04073192924261093,,,
,,,1166,0.08629733324050903,,,
,,,1167,0.06024884060025215,,,
,,,1168,0.09760075062513351,,,
,,,1169,0.05938531085848808,,,
,,,1170,0.03998972475528717,,,
,,,1171,0.065717913210392,,,
,,,1172,0.0850539356470108,,,
,,,1173,0.07430391013622284,,,
,,,1174,0.04301484674215317,,,
,,,1175,0.05819947272539139,,,
,,,1176,0.09278221428394318,,,
,,,1177,0.05441896244883537,,,
,,,1178,0.04689354449510574,,,
,,,1179,0.060838617384433746,,,
,,,1180,0.047934640198946,,,
,,,1181,0.08535851538181305,,,
,,,1182,0.06224009767174721,,,
,,,1183,0.08174669742584229,,,
,,,1184,0.052673399448394775,,,
,,,1185,0.08200345188379288,,,
,,,1186,0.08451155573129654,,,
,,,1187,0.058863814920186996,,,
,,,1188,0.04141249135136604,,,
,,,1189,0.04581156745553017,,,
,,,1190,0.036365628242492676,,,
,,,1191,0.06436264514923096,,,
,,,1192,0.054075684398412704,,,
,,,1193,0.02810336835682392,,,
,,,1194,0.07409204542636871,,,
,,,1195,0.07403424382209778,,,
,,,1196,0.05702700465917587,,,
,,,1197,0.046383462846279144,,,
,,,1198,0.05369279533624649,,,
,,,1199,0.07296845316886902,,,
,,,1200,0.048856690526008606,,,
,,,1201,0.0643693208694458,,,
,,,1202,0.08204274624586105,,,
,,,1203,0.05770142376422882,,,
,,,1204,0.05634921416640282,,,
,,,1205,0.030955690890550613,,,
,,,1206,0.0565635971724987,,,
,,,1207,0.133969247341156,,,
,,,1208,0.0529186837375164,,,
,,,1209,0.05145110562443733,,,
,,,1210,0.05076010897755623,,,
,,,1211,0.06835566461086273,,,
,,,1212,0.04247576743364334,,,
,,,1213,0.05419275537133217,,,
,,,1214,0.05238852649927139,,,
,,,1215,0.06130672246217728,,,
,,,1216,0.059106286615133286,,,
,,,1217,0.047784242779016495,,,
,,,1218,0.0720977634191513,,,
,,,1219,0.05675576999783516,,,
,,,1220,0.06273446977138519,,,
,,,1221,0.06330825388431549,,,
,,,1222,0.04879516735672951,,,
,,,1223,0.06134010851383209,,,
,,,1224,0.07027430832386017,,,
,,,1225,0.03782927617430687,,,
,,,1226,0.042611993849277496,,,
,,,1227,0.0581849068403244,,,
,,,1228,0.0514177568256855,,,
,,,1229,0.04072942957282066,,,
,,,1230,0.10053960233926773,,,
,,,1231,0.07154378294944763,,,
,,,1232,0.09787006676197052,,,
,,,1233,0.057880084961652756,,,
,,,1234,0.04393966868519783,,,
,,,1235,0.08560943603515625,,,
,,,1236,0.07640907913446426,,,
,,,1237,0.07388552278280258,,,
,,,1238,0.06518915295600891,,,
,,,1239,0.04540934041142464,,,
,,,1240,0.05825402960181236,,,
,,,1241,0.08074253052473068,,,
,,,1242,0.0516640804708004,,,
,,,1243,0.052862249314785004,,,
,,,1244,0.07010158896446228,,,
,,,1245,0.051242660731077194,,,
,,,1246,0.051840510219335556,,,
,,,1247,0.06946282833814621,,,
,,,1248,0.03386230766773224,,,
,,,1249,0.07085266709327698,,,
,,,1250,0.06063249707221985,,,
,,,1251,0.037561360746622086,,,
,,,1252,0.09039518982172012,,,
,,,1253,0.09946997463703156,,,
,,,1254,0.078102707862854,,,
,,,1255,0.06109548360109329,,,
,,,1256,0.056152962148189545,,,
,,,1257,0.06844502687454224,,,
,,,1258,0.06636570394039154,,,
,,,1259,0.06442230194807053,,,
,,,1260,0.07558123767375946,,,
,,,1261,0.04605929180979729,,,
,,,1262,0.08334697037935257,,,
,,,1263,0.04348814859986305,,,
,,,1264,0.05153707414865494,,,
,,,1265,0.062110744416713715,,,
,,,1266,0.06232557073235512,,,
,,,1267,0.06830549240112305,,,
,,,1268,0.07835136353969574,,,
,,,1269,0.03658571466803551,,,
,,,1270,0.05815567448735237,,,
,,,1271,0.07573821395635605,,,
,,7,11447,,0.06280390173196793,,
,,7,11447,,,0.06326800584793091,5.681233882904053
0.05753409489989281,1.0080064535140991,8,11449,,,,
0.07742809504270554,2.1592752933502197,8,11459,,,,
0.06647065281867981,2.21500563621521,8,11469,,,,
0.06640445441007614,2.8605597019195557,8,11479,,,,
0.05986923724412918,1.4444527626037598,8,11489,,,,
0.05147607624530792,15.923396110534668,8,11499,,,,
0.09599779546260834,9.718939781188965,8,11509,,,,
0.07264140248298645,13.658154487609863,8,11519,,,,
0.07456071674823761,1.4414482116699219,8,11529,,,,
0.03691454604268074,3.3487751483917236,8,11539,,,,
0.05193428695201874,8.226933479309082,8,11549,,,,
0.04404230788350105,5.84774112701416,8,11559,,,,
0.051676563918590546,6.359166145324707,8,11569,,,,
0.05697409436106682,11.876489639282227,8,11579,,,,
0.05777448043227196,10.20588493347168,8,11589,,,,
0.05154474824666977,6.331284046173096,8,11599,,,,
0.06049754098057747,4.731784343719482,8,11609,,,,
0.05894680693745613,5.870253086090088,8,11619,,,,
0.04534953460097313,4.72440242767334,8,11629,,,,
0.055918578058481216,5.856616973876953,8,11639,,,,
0.08069905638694763,6.26316499710083,8,11649,,,,
0.08190347254276276,5.275320529937744,8,11659,,,,
0.05122947692871094,4.766040802001953,8,11669,,,,
